SNP	SNP_type	CHR	BP	A1	A2	EA	NEA	EAF	FRQ_A_gwas	FRQ_U_gwas	OR_gwas	SE_gwas	P_GWAS	INFO_gwas	Tissue	Tissue_Abbrev	Gene_GTEx	P_GTEx	GTEx_Evidence_Level	SMR_Top_SNP_Pass	SMR_support	SMR_Top_SNP_Any	Colocalized	Coloc_Evidence_Level	strong_score_snp	SNP_Evidence_Level	SNP_Evidence_Reason	Gene	Gene_Evidence_Level	Gene_Evidence_Reason
rs3990314	PROXY	12	89771512	T	C	T	C	0.56	0.554	0.56	0.94611	0.0093	2.611e-09	1	""	""	""		NoEvidence	FALSE	FALSE	FALSE	TRUE		1	Colocalized	coloc			
rs56947091	PROXY	5	88160354	C	T	C	T	0.479	0.474	0.479	0.94516	0.0093	1.352e-09	1	""	""	""		NoEvidence	FALSE	FALSE	FALSE	TRUE		1	Colocalized	coloc			
rs704067	PROXY	12	89726027	G	A	G	A	0.568	0.558	0.568	0.94601	0.0096	6.423e-09	0.986	Brain_Hypothalamus.v10.eQTLs	Hypothalamus	""	7.03334980899617e-05	Weak	FALSE	FALSE	FALSE	TRUE		1	Colocalized	coloc			
rs11210871	PROXY	1	44029353	C	G	C	G	0.322	0.315	0.322	1.07929	0.0102	6.017e-14	0.998	Brain_Cerebellar_Hemisphere.v10.eQTLs	Cerebellar Hemisphere	ARTN	1.60508273159688e-06	Moderate	TRUE	TRUE	TRUE	TRUE		2	MultiEvidence	GTEx_moderate+coloc+SMR_support	ARTN	HighConfidence	GTEx_strong+coloc_STRONG
rs11210887	PROXY	1	44076019	G	A	G	A	0.326	0.321	0.326	1.08188	0.0102	9.195e-15	0.999	Brain_Cerebellar_Hemisphere.v10.eQTLs	Cerebellar Hemisphere	ARTN	4.27968299995323e-10	Strong	FALSE	FALSE	FALSE	TRUE		2	MultiEvidence	GTEx_strong+coloc	ARTN	HighConfidence	GTEx_strong+coloc_STRONG
rs11210892	PROXY	1	44100084	G	A	G	A	0.352	0.346	0.352	1.07358	0.0099	7.891e-13	1	Brain_Cerebellar_Hemisphere.v10.eQTLs	Cerebellar Hemisphere	ARTN	4.94100640437746e-15	Strong	FALSE	FALSE	FALSE	TRUE		2	MultiEvidence	GTEx_strong+coloc	ARTN	HighConfidence	GTEx_strong+coloc_STRONG
rs113551349	LEAD	1	44475123	C	T	C	T	0.713	0.704	0.713	1.06759	0.0111	3.517e-09	0.962	Brain_Cerebellar_Hemisphere.v10.eQTLs	Cerebellar Hemisphere	ARTN	3.60597952772306e-06	Moderate	FALSE	FALSE	FALSE	FALSE		0	RegulatoryModerate	GTEx_moderate	ARTN	HighConfidence	GTEx_strong+coloc_STRONG
rs1143702	PROXY	1	44086831	C	T	C	T	0.348	0.344	0.348	1.07262	0.0099	1.637e-12	1	Brain_Cerebellar_Hemisphere.v10.eQTLs	Cerebellar Hemisphere	ARTN	4.73375049551644e-14	Strong	FALSE	FALSE	FALSE	TRUE		2	MultiEvidence	GTEx_strong+coloc	ARTN	HighConfidence	GTEx_strong+coloc_STRONG
rs2367724	PROXY	1	44107428	C	T	C	T	0.35	0.346	0.35	1.07466	0.0099	3.763e-13	1	Brain_Cerebellar_Hemisphere.v10.eQTLs	Cerebellar Hemisphere	ARTN	1.47938721638804e-15	Strong	FALSE	FALSE	FALSE	TRUE		2	MultiEvidence	GTEx_strong+coloc	ARTN	HighConfidence	GTEx_strong+coloc_STRONG
rs2970610	PROXY	1	44097530	T	C	T	C	0.352	0.346	0.352	1.0739	0.0099	5.663e-13	1	Brain_Cerebellar_Hemisphere.v10.eQTLs	Cerebellar Hemisphere	ARTN	2.96334959767494e-15	Strong	FALSE	FALSE	FALSE	TRUE		2	MultiEvidence	GTEx_strong+coloc	ARTN	HighConfidence	GTEx_strong+coloc_STRONG
rs3001723	PROXY	1	44037685	G	A	G	A	0.682	0.683	0.682	0.92422	0.0102	9.899e-15	1	Brain_Cerebellar_Hemisphere.v10.eQTLs	Cerebellar Hemisphere	ARTN	9.76090607102746e-09	Strong	FALSE	FALSE	FALSE	TRUE		2	MultiEvidence	GTEx_strong+coloc	ARTN	HighConfidence	GTEx_strong+coloc_STRONG
rs499257	PROXY	1	44078384	T	C	T	C	0.353	0.346	0.353	1.07519	0.0099	2.913e-13	0.999	Brain_Cerebellar_Hemisphere.v10.eQTLs	Cerebellar Hemisphere	ARTN	2.96334959767494e-15	Strong	FALSE	FALSE	FALSE	TRUE		2	MultiEvidence	GTEx_strong+coloc	ARTN	HighConfidence	GTEx_strong+coloc_STRONG
rs549845	LEAD	1	44076469	G	A	G	A	0.326	0.321	0.326	1.08199	0.0102	9.033e-15	0.999	Brain_Cerebellar_Hemisphere.v10.eQTLs	Cerebellar Hemisphere	ARTN	7.93310901662373e-11	Strong	FALSE	FALSE	FALSE	TRUE		2	MultiEvidence	GTEx_strong+coloc	ARTN	HighConfidence	GTEx_strong+coloc_STRONG
rs603542	PROXY	1	44079411	T	C	T	C	0.352	0.346	0.352	1.07476	0.0099	3.842e-13	1	Brain_Cerebellar_Hemisphere.v10.eQTLs	Cerebellar Hemisphere	ARTN	2.19728298812821e-15	Strong	FALSE	FALSE	FALSE	TRUE		2	MultiEvidence	GTEx_strong+coloc	ARTN	HighConfidence	GTEx_strong+coloc_STRONG
rs653953	PROXY	1	44083015	G	A	G	A	0.347	0.344	0.347	1.07262	0.0099	1.368e-12	1	Brain_Cerebellar_Hemisphere.v10.eQTLs	Cerebellar Hemisphere	ARTN	1.76132054692142e-15	Strong	FALSE	FALSE	FALSE	TRUE		2	MultiEvidence	GTEx_strong+coloc	ARTN	HighConfidence	GTEx_strong+coloc_STRONG
rs10506965	PROXY	12	89775029	T	G	T	G	0.438	0.445	0.438	1.0576	0.0094	2.591e-09	0.999	Brain_Cerebellum.v10.eQTLs	Cerebellum	ATP2B1	6.52443110280161e-06	Moderate	FALSE	FALSE	FALSE	TRUE		1	Colocalized	GTEx_moderate+coloc	ATP2B1	ModerateConfidence	coloc_STRONG
rs10506971	PROXY	12	89757937	G	A	G	A	0.44	0.446	0.44	1.05654	0.0093	3.226e-09	1	Brain_Cerebellum.v10.eQTLs	Cerebellum	ATP2B1	8.38572366320041e-06	Moderate	FALSE	FALSE	FALSE	TRUE		1	Colocalized	GTEx_moderate+coloc	ATP2B1	ModerateConfidence	coloc_STRONG
rs12819667	PROXY	12	89763529	C	T	C	T	0.441	0.447	0.441	1.05728	0.0093	2.513e-09	1	Brain_Cerebellum.v10.eQTLs	Cerebellum	ATP2B1	8.38572366320041e-06	Moderate	FALSE	FALSE	FALSE	TRUE		1	Colocalized	GTEx_moderate+coloc	ATP2B1	ModerateConfidence	coloc_STRONG
rs1427828	PROXY	12	89762499	C	G	C	G	0.441	0.446	0.441	1.05739	0.0094	2.334e-09	1	Brain_Cerebellum.v10.eQTLs	Cerebellum	ATP2B1	8.38572366320041e-06	Moderate	FALSE	FALSE	TRUE	TRUE		1	Colocalized	GTEx_moderate+coloc	ATP2B1	ModerateConfidence	coloc_STRONG
rs1427829	PROXY	12	89760744	A	G	A	G	0.44	0.446	0.44	1.05675	0.0093	2.837e-09	1	Brain_Cerebellum.v10.eQTLs	Cerebellum	ATP2B1	8.38572366320041e-06	Moderate	FALSE	FALSE	FALSE	TRUE		1	Colocalized	GTEx_moderate+coloc	ATP2B1	ModerateConfidence	coloc_STRONG
rs2279574	PROXY	12	89745477	C	A	C	A	0.443	0.449	0.443	1.05485	0.0093	9.41e-09	1	Brain_Cerebellum.v10.eQTLs	Cerebellum	ATP2B1	7.12128320791428e-05	Weak	FALSE	FALSE	FALSE	TRUE		1	Colocalized	coloc	ATP2B1	ModerateConfidence	coloc_STRONG
rs704061	LEAD	12	89771903	T	C	T	C	0.56	0.554	0.56	0.94563	0.0094	2.299e-09	1	Brain_Cerebellum.v10.eQTLs	Cerebellum	ATP2B1	1.11505549375446e-05	Weak	FALSE	FALSE	FALSE	TRUE		1	Colocalized	coloc	ATP2B1	ModerateConfidence	coloc_STRONG
rs770082	PROXY	12	89776485	G	A	G	A	0.58	0.572	0.58	0.95047	0.0094	6.582e-08	0.996	Brain_Cerebellum.v10.eQTLs	Cerebellum	ATP2B1	2.30831319748011e-05	Weak	FALSE	FALSE	FALSE	TRUE		1	Colocalized	coloc	ATP2B1	ModerateConfidence	coloc_STRONG
rs770083	PROXY	12	89776284	T	C	T	C	0.563	0.555	0.563	0.94563	0.0094	2.74e-09	0.998	Brain_Cerebellum.v10.eQTLs	Cerebellum	ATP2B1	8.72805344889119e-06	Moderate	FALSE	FALSE	FALSE	TRUE		1	Colocalized	GTEx_moderate+coloc	ATP2B1	ModerateConfidence	coloc_STRONG
rs2229799	PROXY	6	70866609	C	T	C	T	0.53	0.528	0.53	0.95018	0.0093	3.702e-08	0.999	Brain_Cerebellum.v10.eQTLs	Cerebellum	COL19A1	8.20630040515808e-06	Moderate	FALSE	FALSE	FALSE	FALSE		0	RegulatoryModerate	GTEx_moderate	COL19A1	Suggestive	GTEx_moderate
rs3736843	PROXY	6	70866421	T	C	T	C	0.53	0.528	0.53	0.94952	0.0093	2.728e-08	0.999	Brain_Cerebellum.v10.eQTLs	Cerebellum	COL19A1	3.44518917135138e-06	Moderate	FALSE	FALSE	TRUE	FALSE		0	RegulatoryModerate	GTEx_moderate	COL19A1	Suggestive	GTEx_moderate
rs3806041	PROXY	6	70860739	C	A	C	A	0.551	0.553	0.551	0.94705	0.0093	5.478e-09	1	Brain_Cerebellum.v10.eQTLs	Cerebellum	COL19A1	9.71858130210602e-06	Moderate	FALSE	FALSE	FALSE	FALSE		0	RegulatoryModerate	GTEx_moderate	COL19A1	Suggestive	GTEx_moderate
rs3818327	PROXY	6	70861135	T	G	T	G	0.551	0.553	0.551	0.94677	0.0094	5.148e-09	1	Brain_Cerebellum.v10.eQTLs	Cerebellum	COL19A1	9.71858130210602e-06	Moderate	FALSE	FALSE	FALSE	FALSE		0	RegulatoryModerate	GTEx_moderate	COL19A1	Suggestive	GTEx_moderate
rs6928404	PROXY	6	70861994	G	T	G	T	0.53	0.528	0.53	0.94999	0.0093	3.46e-08	0.999	Brain_Cerebellum.v10.eQTLs	Cerebellum	COL19A1	3.32756217788714e-06	Moderate	FALSE	FALSE	FALSE	FALSE		0	RegulatoryModerate	GTEx_moderate	COL19A1	Suggestive	GTEx_moderate
rs9294859	PROXY	6	70864473	A	G	A	G	0.53	0.528	0.53	0.94923	0.0093	2.36e-08	0.999	Brain_Cerebellum.v10.eQTLs	Cerebellum	COL19A1	3.44518917135138e-06	Moderate	FALSE	FALSE	FALSE	FALSE		0	RegulatoryModerate	GTEx_moderate	COL19A1	Suggestive	GTEx_moderate
rs9354907	PROXY	6	70868638	G	A	G	A	0.53	0.528	0.53	0.94914	0.0093	2.175e-08	0.999	Brain_Cerebellum.v10.eQTLs	Cerebellum	COL19A1	3.44518917135138e-06	Moderate	FALSE	FALSE	FALSE	FALSE		0	RegulatoryModerate	GTEx_moderate	COL19A1	Suggestive	GTEx_moderate
rs4245253	PROXY	18	50686267	A	G	A	G	0.604	0.631	0.604	1.05117	0.0097	2.542e-07	1	Brain_Cerebellar_Hemisphere.v10.eQTLs	Cerebellar Hemisphere	DCC	4.20574875490815e-06	Moderate	FALSE	FALSE	FALSE	FALSE		0	RegulatoryModerate	GTEx_moderate	DCC	Suggestive	GTEx_moderate
rs4264463	PROXY	18	50686844	T	C	T	C	0.604	0.631	0.604	1.05117	0.0097	2.608e-07	1	Brain_Cerebellar_Hemisphere.v10.eQTLs	Cerebellar Hemisphere	DCC	4.20574875490815e-06	Moderate	FALSE	FALSE	FALSE	FALSE		0	RegulatoryModerate	GTEx_moderate	DCC	Suggestive	GTEx_moderate
rs4444404	PROXY	18	50690643	T	C	T	C	0.604	0.631	0.604	1.05117	0.0097	2.495e-07	1	Brain_Cerebellar_Hemisphere.v10.eQTLs	Cerebellar Hemisphere	DCC	5.4794463132959e-06	Moderate	FALSE	FALSE	FALSE	FALSE		0	RegulatoryModerate	GTEx_moderate	DCC	Suggestive	GTEx_moderate
rs4940240	PROXY	18	50686958	G	A	G	A	0.604	0.631	0.604	1.05117	0.0097	2.581e-07	1	Brain_Cerebellar_Hemisphere.v10.eQTLs	Cerebellar Hemisphere	DCC	4.20574875490815e-06	Moderate	FALSE	FALSE	FALSE	FALSE		0	RegulatoryModerate	GTEx_moderate	DCC	Suggestive	GTEx_moderate
rs4940241	PROXY	18	50686991	A	G	A	G	0.604	0.631	0.604	1.05117	0.0097	2.574e-07	1	Brain_Cerebellar_Hemisphere.v10.eQTLs	Cerebellar Hemisphere	DCC	4.20574875490815e-06	Moderate	FALSE	FALSE	FALSE	FALSE		0	RegulatoryModerate	GTEx_moderate	DCC	Suggestive	GTEx_moderate
rs8089296	PROXY	18	50678587	A	G	A	G	0.602	0.631	0.602	1.05222	0.0097	1.594e-07	1	Brain_Cerebellar_Hemisphere.v10.eQTLs	Cerebellar Hemisphere	DCC	8.55925171957429e-06	Moderate	FALSE	FALSE	FALSE	FALSE		0	RegulatoryModerate	GTEx_moderate	DCC	Suggestive	GTEx_moderate
rs9944703	PROXY	18	50682524	A	G	A	G	0.602	0.63	0.602	1.0518	0.0097	1.804e-07	1	Brain_Cerebellar_Hemisphere.v10.eQTLs	Cerebellar Hemisphere	DCC	8.55925171957429e-06	Moderate	FALSE	FALSE	FALSE	FALSE		0	RegulatoryModerate	GTEx_moderate	DCC	Suggestive	GTEx_moderate
rs9963392	PROXY	18	50684362	T	C	T	C	0.605	0.633	0.605	1.05148	0.0097	2.089e-07	1	Brain_Cerebellar_Hemisphere.v10.eQTLs	Cerebellar Hemisphere	DCC	5.10941833737576e-06	Moderate	FALSE	FALSE	FALSE	FALSE		0	RegulatoryModerate	GTEx_moderate	DCC	Suggestive	GTEx_moderate
rs9963399	PROXY	18	50684378	T	G	T	G	0.605	0.633	0.605	1.05159	0.0097	2.042e-07	1	Brain_Cerebellar_Hemisphere.v10.eQTLs	Cerebellar Hemisphere	DCC	7.99482629351456e-06	Moderate	FALSE	FALSE	FALSE	FALSE		0	RegulatoryModerate	GTEx_moderate	DCC	Suggestive	GTEx_moderate
rs11172	PROXY	1	43850473	A	G	A	G	0.623	0.627	0.623	1.05148	0.0096	1.595e-07	0.995	Brain_Caudate_basal_ganglia.v10.eQTLs	Caudate	MED8	4.75042291506038e-08	Strong	FALSE	FALSE	TRUE	TRUE		2	MultiEvidence	GTEx_strong+coloc	MED8	HighConfidence	GTEx_strong+coloc_STRONG
rs11210839	PROXY	1	43845658	A	G	A	G	0.626	0.629	0.626	1.05211	0.0096	1.183e-07	0.996	Brain_Caudate_basal_ganglia.v10.eQTLs	Caudate	MED8	1.7266672570222e-08	Strong	FALSE	FALSE	FALSE	TRUE		2	MultiEvidence	GTEx_strong+coloc	MED8	HighConfidence	GTEx_strong+coloc_STRONG
rs1199036	PROXY	1	43811405	G	A	G	A	0.625	0.629	0.625	1.0519	0.0096	1.484e-07	0.996	Brain_Caudate_basal_ganglia.v10.eQTLs	Caudate	MED8	5.33361649282766e-09	Strong	FALSE	FALSE	FALSE	TRUE		2	MultiEvidence	GTEx_strong+coloc	MED8	HighConfidence	GTEx_strong+coloc_STRONG
rs12058355	PROXY	1	43801186	A	G	A	G	0.624	0.627	0.624	1.05064	0.0096	2.602e-07	0.995	Brain_Caudate_basal_ganglia.v10.eQTLs	Caudate	MED8	5.33361649282766e-09	Strong	FALSE	FALSE	FALSE	TRUE		2	MultiEvidence	GTEx_strong+coloc	MED8	HighConfidence	GTEx_strong+coloc_STRONG
rs1749959	PROXY	1	43807075	C	T	C	T	0.626	0.629	0.626	1.05159	0.0096	1.676e-07	0.996	Brain_Caudate_basal_ganglia.v10.eQTLs	Caudate	MED8	3.31557417193e-08	Strong	FALSE	FALSE	FALSE	TRUE		2	MultiEvidence	GTEx_strong+coloc	MED8	HighConfidence	GTEx_strong+coloc_STRONG
rs1760669	PROXY	1	43821856	C	T	C	T	0.625	0.629	0.625	1.05159	0.0096	1.79e-07	0.996	Brain_Caudate_basal_ganglia.v10.eQTLs	Caudate	MED8	2.10723613970493e-08	Strong	FALSE	FALSE	FALSE	TRUE		2	MultiEvidence	GTEx_strong+coloc	MED8	HighConfidence	GTEx_strong+coloc_STRONG
rs1760670	PROXY	1	43812075	G	A	G	A	0.625	0.629	0.625	1.05169	0.0096	1.661e-07	0.996	Brain_Caudate_basal_ganglia.v10.eQTLs	Caudate	MED8	8.60232600862994e-09	Strong	FALSE	FALSE	FALSE	TRUE		2	MultiEvidence	GTEx_strong+coloc	MED8	HighConfidence	GTEx_strong+coloc_STRONG
rs4141740	PROXY	1	43842827	T	A	T	A	0.625	0.63	0.625	1.05127	0.0096	1.76e-07	0.996	Brain_Caudate_basal_ganglia.v10.eQTLs	Caudate	MED8	1.3367610920433e-08	Strong	FALSE	FALSE	FALSE	TRUE		2	MultiEvidence	GTEx_strong+coloc	MED8	HighConfidence	GTEx_strong+coloc_STRONG
rs4141741	PROXY	1	43843000	C	T	C	T	0.626	0.631	0.626	1.05127	0.0096	1.778e-07	0.996	Brain_Caudate_basal_ganglia.v10.eQTLs	Caudate	MED8	1.3367610920433e-08	Strong	FALSE	FALSE	FALSE	TRUE		2	MultiEvidence	GTEx_strong+coloc	MED8	HighConfidence	GTEx_strong+coloc_STRONG
rs652941	PROXY	1	43836928	T	C	T	C	0.625	0.629	0.625	1.05211	0.0096	1.311e-07	0.996	Brain_Caudate_basal_ganglia.v10.eQTLs	Caudate	MED8	2.10723613970493e-08	Strong	FALSE	FALSE	FALSE	TRUE		2	MultiEvidence	GTEx_strong+coloc	MED8	HighConfidence	GTEx_strong+coloc_STRONG
rs72669002	PROXY	1	43821071	T	C	T	C	0.625	0.629	0.625	1.05159	0.0096	1.685e-07	0.996	Brain_Caudate_basal_ganglia.v10.eQTLs	Caudate	MED8	2.10723613970493e-08	Strong	FALSE	FALSE	FALSE	TRUE		2	MultiEvidence	GTEx_strong+coloc	MED8	HighConfidence	GTEx_strong+coloc_STRONG
rs839752	PROXY	1	43855546	A	G	A	G	0.625	0.628	0.625	1.0519	0.0096	1.443e-07	0.997	Brain_Caudate_basal_ganglia.v10.eQTLs	Caudate	MED8	6.49743486778678e-09	Strong	FALSE	FALSE	FALSE	TRUE		2	MultiEvidence	GTEx_strong+coloc	MED8	HighConfidence	GTEx_strong+coloc_STRONG
rs839754	PROXY	1	43855910	C	T	C	T	0.625	0.628	0.625	1.0519	0.0096	1.414e-07	0.997	Brain_Caudate_basal_ganglia.v10.eQTLs	Caudate	MED8	6.49743486778678e-09	Strong	FALSE	FALSE	FALSE	TRUE		2	MultiEvidence	GTEx_strong+coloc	MED8	HighConfidence	GTEx_strong+coloc_STRONG
rs839755	PROXY	1	43856410	A	C	A	C	0.624	0.628	0.624	1.0518	0.0096	1.518e-07	0.997	Brain_Caudate_basal_ganglia.v10.eQTLs	Caudate	MED8	4.46695072658009e-08	Strong	FALSE	FALSE	FALSE	TRUE		2	MultiEvidence	GTEx_strong+coloc	MED8	HighConfidence	GTEx_strong+coloc_STRONG
rs839763	PROXY	1	43825644	T	C	T	C	0.625	0.629	0.625	1.05127	0.0096	1.796e-07	0.996	Brain_Caudate_basal_ganglia.v10.eQTLs	Caudate	MED8	1.07420860053866e-08	Strong	FALSE	FALSE	FALSE	TRUE		2	MultiEvidence	GTEx_strong+coloc	MED8	HighConfidence	GTEx_strong+coloc_STRONG
rs839765	PROXY	1	43369327	G	A	G	A	0.364093959331512							Brain_Caudate_basal_ganglia.v10.eQTLs	Caudate	MED8	1.7266672570222e-08	Strong	FALSE	FALSE	FALSE	TRUE		2	MultiEvidence	GTEx_strong+coloc	MED8	HighConfidence	GTEx_strong+coloc_STRONG
rs839766	PROXY	1	43837850	A	G	A	G	0.625	0.629	0.625	1.05211	0.0096	1.323e-07	0.996	Brain_Caudate_basal_ganglia.v10.eQTLs	Caudate	MED8	1.7266672570222e-08	Strong	FALSE	FALSE	FALSE	TRUE		2	MultiEvidence	GTEx_strong+coloc	MED8	HighConfidence	GTEx_strong+coloc_STRONG
rs839993	PROXY	1	43803120	C	A	C	A	0.626	0.628	0.626	1.05075	0.0096	2.352e-07	0.995	Brain_Caudate_basal_ganglia.v10.eQTLs	Caudate	MED8	5.33361649282766e-09	Strong	FALSE	FALSE	FALSE	TRUE		2	MultiEvidence	GTEx_strong+coloc	MED8	HighConfidence	GTEx_strong+coloc_STRONG
rs11749060	PROXY	5	88152574	C	A	C	A	0.52	0.516	0.52	0.94497	0.0093	1.139e-09	1	Brain_Cerebellar_Hemisphere.v10.eQTLs	Cerebellar Hemisphere	MEF2C-AS2	1.89383584887473e-12	Strong	FALSE	FALSE	FALSE	TRUE		2	MultiEvidence	GTEx_strong+coloc	MEF2C-AS2	ModerateConfidence	GTEx_strong
rs12054920	PROXY	5	88161417	T	C	T	C	0.472	0.465	0.472	0.94271	0.0093	2.049e-10	1	Brain_Cerebellar_Hemisphere.v10.eQTLs	Cerebellar Hemisphere	MEF2C-AS2	5.592172818995e-11	Strong	FALSE	FALSE	FALSE	TRUE		2	MultiEvidence	GTEx_strong+coloc	MEF2C-AS2	ModerateConfidence	GTEx_strong
rs1671539	PROXY	5	88168395	C	G	C	G	0.52	0.536	0.52	1.06577	0.0107	2.278e-09	0.997	Brain_Cerebellar_Hemisphere.v10.eQTLs	Cerebellar Hemisphere	MEF2C-AS2	7.05723998279872e-10	Strong	FALSE	FALSE	FALSE	TRUE		2	MultiEvidence	GTEx_strong+coloc	MEF2C-AS2	ModerateConfidence	GTEx_strong
rs17487515	PROXY	5	88149291	A	G	A	G	0.52	0.516	0.52	0.94488	0.0093	1.074e-09	1	Brain_Cerebellar_Hemisphere.v10.eQTLs	Cerebellar Hemisphere	MEF2C-AS2	1.89383584887473e-12	Strong	FALSE	FALSE	FALSE	TRUE		2	MultiEvidence	GTEx_strong+coloc	MEF2C-AS2	ModerateConfidence	GTEx_strong
rs17559709	PROXY	5	88149326	G	A	G	A	0.52	0.516	0.52	0.94488	0.0093	1.073e-09	1	Brain_Cerebellar_Hemisphere.v10.eQTLs	Cerebellar Hemisphere	MEF2C-AS2	1.89383584887473e-12	Strong	FALSE	FALSE	FALSE	TRUE		2	MultiEvidence	GTEx_strong+coloc	MEF2C-AS2	ModerateConfidence	GTEx_strong
rs188581	PROXY	5	88175251	C	G	C	G	0.488	0.494	0.488	1.06046	0.0093	2.884e-10	0.998	Brain_Cerebellar_Hemisphere.v10.eQTLs	Cerebellar Hemisphere	MEF2C-AS2	2.74198318903546e-14	Strong	FALSE	FALSE	FALSE	TRUE		2	MultiEvidence	GTEx_strong+coloc	MEF2C-AS2	ModerateConfidence	GTEx_strong
rs188582	LEAD	5	88167740	G	C	G	C	0.528	0.535	0.528	1.06131	0.0093	1.624e-10	0.999	Brain_Cerebellar_Hemisphere.v10.eQTLs	Cerebellar Hemisphere	MEF2C-AS2	1.70264428351128e-10	Strong	FALSE	FALSE	FALSE	TRUE		2	MultiEvidence	GTEx_strong+coloc	MEF2C-AS2	ModerateConfidence	GTEx_strong
rs216057	PROXY	5	88170331	T	C	T	C	0.528	0.535	0.528	1.06131	0.0093	1.783e-10	0.999	Brain_Cerebellar_Hemisphere.v10.eQTLs	Cerebellar Hemisphere	MEF2C-AS2	2.2599155425476e-10	Strong	FALSE	FALSE	FALSE	TRUE		2	MultiEvidence	GTEx_strong+coloc	MEF2C-AS2	ModerateConfidence	GTEx_strong
rs2362108	PROXY	5	88147771	G	A	G	A	0.52	0.516	0.52	0.94478	0.0093	9.847e-10	0.999	Brain_Cerebellar_Hemisphere.v10.eQTLs	Cerebellar Hemisphere	MEF2C-AS2	1.89383584887473e-12	Strong	FALSE	FALSE	FALSE	TRUE		2	MultiEvidence	GTEx_strong+coloc	MEF2C-AS2	ModerateConfidence	GTEx_strong
rs2362109	PROXY	5	88148041	C	T	C	T	0.52	0.516	0.52	0.94488	0.0093	1.037e-09	0.999	Brain_Cerebellar_Hemisphere.v10.eQTLs	Cerebellar Hemisphere	MEF2C-AS2	1.89383584887473e-12	Strong	FALSE	FALSE	FALSE	TRUE		2	MultiEvidence	GTEx_strong+coloc	MEF2C-AS2	ModerateConfidence	GTEx_strong
rs2362111	PROXY	5	88852893	C	G	C	G	0.481685042381287							Brain_Cerebellar_Hemisphere.v10.eQTLs	Cerebellar Hemisphere	MEF2C-AS2	4.54048801874038e-12	Strong	FALSE	FALSE	FALSE	FALSE		1	RegulatoryStrong	GTEx_strong	MEF2C-AS2	ModerateConfidence	GTEx_strong
rs304136	PROXY	5	88170066	T	C	T	C	0.527	0.534	0.527	1.06099	0.0093	2.156e-10	0.999	Brain_Cerebellar_Hemisphere.v10.eQTLs	Cerebellar Hemisphere	MEF2C-AS2	2.37962921251232e-12	Strong	FALSE	FALSE	FALSE	TRUE		2	MultiEvidence	GTEx_strong+coloc	MEF2C-AS2	ModerateConfidence	GTEx_strong
rs304137	PROXY	5	88169652	A	G	A	G	0.528	0.535	0.528	1.06131	0.0093	1.855e-10	0.999	Brain_Cerebellar_Hemisphere.v10.eQTLs	Cerebellar Hemisphere	MEF2C-AS2	2.2599155425476e-10	Strong	FALSE	FALSE	FALSE	TRUE		2	MultiEvidence	GTEx_strong+coloc	MEF2C-AS2	ModerateConfidence	GTEx_strong
rs4145738	PROXY	5	88150289	G	A	G	A	0.52	0.516	0.52	0.94497	0.0093	1.155e-09	1	Brain_Cerebellar_Hemisphere.v10.eQTLs	Cerebellar Hemisphere	MEF2C-AS2	1.89383584887473e-12	Strong	FALSE	FALSE	FALSE	TRUE		2	MultiEvidence	GTEx_strong+coloc	MEF2C-AS2	ModerateConfidence	GTEx_strong
rs4373304	PROXY	5	88152202	T	C	T	C	0.52	0.516	0.52	0.94497	0.0093	1.091e-09	1	Brain_Cerebellar_Hemisphere.v10.eQTLs	Cerebellar Hemisphere	MEF2C-AS2	1.89383584887473e-12	Strong	FALSE	FALSE	FALSE	TRUE		2	MultiEvidence	GTEx_strong+coloc	MEF2C-AS2	ModerateConfidence	GTEx_strong
rs4518438	PROXY	5	88157552	T	C	T	C	0.479	0.474	0.479	0.94497	0.0093	1.158e-09	1	Brain_Cerebellar_Hemisphere.v10.eQTLs	Cerebellar Hemisphere	MEF2C-AS2	8.65754944483857e-11	Strong	FALSE	FALSE	FALSE	TRUE		2	MultiEvidence	GTEx_strong+coloc	MEF2C-AS2	ModerateConfidence	GTEx_strong
rs55740951	PROXY	5	88153874	C	T	C	T	0.519	0.516	0.519	0.94497	0.0093	1.179e-09	1	Brain_Cerebellar_Hemisphere.v10.eQTLs	Cerebellar Hemisphere	MEF2C-AS2	1.89383584887473e-12	Strong	FALSE	FALSE	FALSE	TRUE		2	MultiEvidence	GTEx_strong+coloc	MEF2C-AS2	ModerateConfidence	GTEx_strong
rs57055575	PROXY	5	88150992	T	A	T	A	0.52	0.516	0.52	0.94497	0.0093	1.133e-09	1	Brain_Cerebellar_Hemisphere.v10.eQTLs	Cerebellar Hemisphere	MEF2C-AS2	1.89383584887473e-12	Strong	FALSE	FALSE	FALSE	TRUE		2	MultiEvidence	GTEx_strong+coloc	MEF2C-AS2	ModerateConfidence	GTEx_strong
rs61104616	PROXY	5	88163771	G	A	G	A	0.472	0.465	0.472	0.94242	0.0093	1.788e-10	1	Brain_Cerebellar_Hemisphere.v10.eQTLs	Cerebellar Hemisphere	MEF2C-AS2	7.29712205295152e-11	Strong	FALSE	FALSE	FALSE	TRUE		2	MultiEvidence	GTEx_strong+coloc	MEF2C-AS2	ModerateConfidence	GTEx_strong
rs7730255	PROXY	5	88158146	G	C	G	C	0.521	0.516	0.521	0.94535	0.0093	1.488e-09	1	Brain_Cerebellar_Hemisphere.v10.eQTLs	Cerebellar Hemisphere	MEF2C-AS2	3.80766067394558e-14	Strong	FALSE	FALSE	FALSE	TRUE		2	MultiEvidence	GTEx_strong+coloc	MEF2C-AS2	ModerateConfidence	GTEx_strong
rs797419	PROXY	5	88168955	C	A	C	A	0.528	0.535	0.528	1.06131	0.0093	1.627e-10	0.999	Brain_Cerebellar_Hemisphere.v10.eQTLs	Cerebellar Hemisphere	MEF2C-AS2	1.54870218475361e-10	Strong	FALSE	FALSE	FALSE	TRUE		2	MultiEvidence	GTEx_strong+coloc	MEF2C-AS2	ModerateConfidence	GTEx_strong
rs11130222	PROXY	3	49901060	A	T	A	T	0.582	0.566	0.582	0.95801	0.0094	5.218e-06	0.995	Brain_Cortex.v10.eQTLs	Cortex	RBM6	1.73433505915468e-36	Strong	FALSE	FALSE	FALSE	TRUE		2	MultiEvidence	GTEx_strong+coloc	RBM6	ModerateConfidence	GTEx_strong
rs11709573	PROXY	3	49956628	C	T	C	T	0.575	0.56	0.575	0.96165	0.0094	2.87e-05	1	Brain_Cortex.v10.eQTLs	Cortex	RBM6	1.77456884277089e-36	Strong	FALSE	FALSE	TRUE	TRUE		2	MultiEvidence	GTEx_strong+coloc	RBM6	ModerateConfidence	GTEx_strong
rs2352984	PROXY	3	49948728	T	C	T	C	0.575	0.56	0.575	0.96165	0.0093	2.919e-05	1	Brain_Cortex.v10.eQTLs	Cortex	RBM6	4.85975912816607e-35	Strong	FALSE	FALSE	FALSE	TRUE		2	MultiEvidence	GTEx_strong+coloc	RBM6	ModerateConfidence	GTEx_strong
rs2883059	PROXY	3	49902160	T	C	T	C	0.581	0.565	0.581	0.95762	0.0094	4.349e-06	0.995	Brain_Cortex.v10.eQTLs	Cortex	RBM6	3.03827087288928e-35	Strong	FALSE	FALSE	TRUE	TRUE		2	MultiEvidence	GTEx_strong+coloc	RBM6	ModerateConfidence	GTEx_strong
rs34034116	PROXY	3	49959156	C	A	C	A	0.575	0.561	0.575	0.96127	0.0093	2.432e-05	0.999	Brain_Cortex.v10.eQTLs	Cortex	RBM6	1.77456884277089e-36	Strong	FALSE	FALSE	FALSE	TRUE		2	MultiEvidence	GTEx_strong+coloc	RBM6	ModerateConfidence	GTEx_strong
rs34654589	PROXY	3	49911449	C	G	C	G	0.582	0.566	0.582	0.95829	0.0094	5.884e-06	0.996	Brain_Cortex.v10.eQTLs	Cortex	RBM6	3.66114588857236e-36	Strong	FALSE	FALSE	FALSE	TRUE		2	MultiEvidence	GTEx_strong+coloc	RBM6	ModerateConfidence	GTEx_strong
rs35275715	PROXY	3	49959148	A	G	A	G	0.575	0.561	0.575	0.96127	0.0093	2.297e-05	0.999	Brain_Cortex.v10.eQTLs	Cortex	RBM6	4.85975912816607e-35	Strong	FALSE	FALSE	FALSE	TRUE		2	MultiEvidence	GTEx_strong+coloc	RBM6	ModerateConfidence	GTEx_strong
rs3733134	PROXY	3	49939503	C	T	C	T	0.575	0.56	0.575	0.96214	0.0094	3.609e-05	0.999	Brain_Cortex.v10.eQTLs	Cortex	RBM6	4.85975912816607e-35	Strong	FALSE	FALSE	FALSE	TRUE		2	MultiEvidence	GTEx_strong+coloc	RBM6	ModerateConfidence	GTEx_strong
rs3774759	PROXY	3	49939120	G	T	G	T	0.575	0.56	0.575	0.96223	0.0094	3.783e-05	0.999	Brain_Cortex.v10.eQTLs	Cortex	RBM6	1.77456884277089e-36	Strong	FALSE	FALSE	FALSE	TRUE		2	MultiEvidence	GTEx_strong+coloc	RBM6	ModerateConfidence	GTEx_strong
rs3796386	PROXY	3	49899795	G	A	G	A	0.582	0.566	0.582	0.95782	0.0094	4.75e-06	0.995	Brain_Cortex.v10.eQTLs	Cortex	RBM6	3.6519246026623e-35	Strong	FALSE	FALSE	FALSE	TRUE		2	MultiEvidence	GTEx_strong+coloc	RBM6	ModerateConfidence	GTEx_strong
rs55692411	PROXY	3	49911155	G	A	G	A	0.581	0.565	0.581	0.9582	0.0094	5.408e-06	0.996	Brain_Cortex.v10.eQTLs	Cortex	RBM6	1.44912772373366e-34	Strong	FALSE	FALSE	TRUE	TRUE		2	MultiEvidence	GTEx_strong+coloc	RBM6	ModerateConfidence	GTEx_strong
rs6774354	PROXY	3	49961780	G	A	G	A	0.575	0.56	0.575	0.96156	0.0094	2.82e-05	1	Brain_Cortex.v10.eQTLs	Cortex	RBM6	4.85975912816607e-35	Strong	FALSE	FALSE	FALSE	TRUE		2	MultiEvidence	GTEx_strong+coloc	RBM6	ModerateConfidence	GTEx_strong
rs7613360	LEAD	3	49916710	C	T	C	T	0.614	0.598	0.614	0.948	0.0097	3.175e-08	0.995	Brain_Cortex.v10.eQTLs	Cortex	RBM6	1.59621701863389e-31	Strong	FALSE	FALSE	TRUE	TRUE		2	MultiEvidence	GTEx_strong+coloc	RBM6	ModerateConfidence	GTEx_strong
rs7615206	PROXY	3	49937505	T	C	T	C	0.575	0.56	0.575	0.96223	0.0094	3.858e-05	0.999	Brain_Cortex.v10.eQTLs	Cortex	RBM6	1.77456884277089e-36	Strong	FALSE	FALSE	FALSE	TRUE		2	MultiEvidence	GTEx_strong+coloc	RBM6	ModerateConfidence	GTEx_strong
rs7627864	PROXY	3	49926613	C	G	C	G	0.575	0.561	0.575	0.96204	0.0094	3.69e-05	0.998	Brain_Cortex.v10.eQTLs	Cortex	RBM6	1.77456884277089e-36	Strong	FALSE	FALSE	FALSE	TRUE		2	MultiEvidence	GTEx_strong+coloc	RBM6	ModerateConfidence	GTEx_strong
rs868891	PROXY	3	49949071	A	G	A	G	0.575	0.56	0.575	0.96175	0.0093	2.924e-05	1	Brain_Cortex.v10.eQTLs	Cortex	RBM6	1.77456884277089e-36	Strong	FALSE	FALSE	TRUE	TRUE		2	MultiEvidence	GTEx_strong+coloc	RBM6	ModerateConfidence	GTEx_strong
rs952594	PROXY	3	49908023	G	A	G	A	0.581	0.565	0.581	0.9582	0.0094	5.254e-06	0.996	Brain_Cortex.v10.eQTLs	Cortex	RBM6	8.04151106724678e-35	Strong	FALSE	FALSE	TRUE	TRUE		2	MultiEvidence	GTEx_strong+coloc	RBM6	ModerateConfidence	GTEx_strong
rs10110962	PROXY	8	144554939	T	C	T	C	0.429924249649048							Brain_Cerebellum.v10.eQTLs	Cerebellum	RECQL4	6.1856262703025e-11	Strong	FALSE	FALSE	FALSE	FALSE		1	RegulatoryStrong	GTEx_strong	RECQL4	ModerateConfidence	GTEx_strong
rs10435711	PROXY	8	144483074	A	G	A	G	0.414772748947144							Brain_Cerebellum.v10.eQTLs	Cerebellum	RECQL4	2.09635250826233e-10	Strong	FALSE	FALSE	FALSE	FALSE		1	RegulatoryStrong	GTEx_strong	RECQL4	ModerateConfidence	GTEx_strong
rs1055167	PROXY	8	144485003	A	G	A	G	0.401515156030655							Brain_Cerebellum.v10.eQTLs	Cerebellum	RECQL4	6.60528744910529e-10	Strong	FALSE	FALSE	FALSE	FALSE		1	RegulatoryStrong	GTEx_strong	RECQL4	ModerateConfidence	GTEx_strong
rs1063739	PROXY	8	144504344	A	C	A	C	0.434701472520828							Brain_Frontal_Cortex_BA9.v10.eQTLs	Frontal Cortex (BA9)	RECQL4	5.0761981649832e-12	Strong	FALSE	FALSE	FALSE	FALSE		1	RegulatoryStrong	GTEx_strong	RECQL4	ModerateConfidence	GTEx_strong
rs10902782	PROXY	8	144495487	A	G	A	G	0.409090936183929							Brain_Cerebellum.v10.eQTLs	Cerebellum	RECQL4	5.74786931502175e-11	Strong	FALSE	FALSE	FALSE	FALSE		1	RegulatoryStrong	GTEx_strong	RECQL4	ModerateConfidence	GTEx_strong
rs11557085	PROXY	8	144527516	T	C	T	C	0.431818187236786							Brain_Cerebellum.v10.eQTLs	Cerebellum	RECQL4	1.94290924266366e-11	Strong	FALSE	FALSE	FALSE	FALSE		1	RegulatoryStrong	GTEx_strong	RECQL4	ModerateConfidence	GTEx_strong
rs12682297	PROXY	8	144487477	A	T	A	T	0.410984873771668							Brain_Cerebellum.v10.eQTLs	Cerebellum	RECQL4	1.04897069851306e-10	Strong	FALSE	FALSE	FALSE	FALSE		1	RegulatoryStrong	GTEx_strong	RECQL4	ModerateConfidence	GTEx_strong
rs12719778	PROXY	8	145879883	T	C	T	C	0.53	0.525	0.53	0.95037	0.0097	1.482e-07	0.985	Brain_Frontal_Cortex_BA9.v10.eQTLs	Frontal Cortex (BA9)	RECQL4	1.90899014920548e-09	Strong	TRUE	TRUE	TRUE	FALSE		2	MultiEvidence	GTEx_strong+SMR_support	RECQL4	ModerateConfidence	GTEx_strong
rs13254911	PROXY	8	144503352	T	C	T	C	0.409090936183929							Brain_Cerebellum.v10.eQTLs	Cerebellum	RECQL4	5.96779212205155e-11	Strong	FALSE	FALSE	FALSE	FALSE		1	RegulatoryStrong	GTEx_strong	RECQL4	ModerateConfidence	GTEx_strong
rs13258307	PROXY	8	144682481	A	G	A	G	0.425373136997223							Brain_Frontal_Cortex_BA9.v10.eQTLs	Frontal Cortex (BA9)	RECQL4	1.90899014920548e-09	Strong	FALSE	FALSE	FALSE	FALSE		1	RegulatoryStrong	GTEx_strong	RECQL4	ModerateConfidence	GTEx_strong
rs13275065	PROXY	8	145818681	C	T	C	T	0.54	0.526	0.54	0.94686	0.01	5.095e-08	0.968	Brain_Cerebellum.v10.eQTLs	Cerebellum	RECQL4	3.69528464265049e-09	Strong	FALSE	FALSE	TRUE	FALSE		1	RegulatoryStrong	GTEx_strong	RECQL4	ModerateConfidence	GTEx_strong
rs2279243	PROXY	8	144511657	T	C	T	C	0.407196968793869							Brain_Cerebellum.v10.eQTLs	Cerebellum	RECQL4	6.5459441208245e-10	Strong	FALSE	FALSE	FALSE	FALSE		1	RegulatoryStrong	GTEx_strong	RECQL4	ModerateConfidence	GTEx_strong
rs2306386	PROXY	8	144517495	C	T	C	T	0.49053031206131							Brain_Cerebellum.v10.eQTLs	Cerebellum	RECQL4	4.25837129933716e-11	Strong	FALSE	FALSE	FALSE	FALSE		1	RegulatoryStrong	GTEx_strong	RECQL4	ModerateConfidence	GTEx_strong
rs2721138	PROXY	8	144524754	C	T	C	T	0.494402974843979							Brain_Frontal_Cortex_BA9.v10.eQTLs	Frontal Cortex (BA9)	RECQL4	1.91312434399399e-11	Strong	FALSE	FALSE	FALSE	FALSE		1	RegulatoryStrong	GTEx_strong	RECQL4	ModerateConfidence	GTEx_strong
rs2721142	PROXY	8	144527083	T	A	T	A	0.455223858356476							Brain_Frontal_Cortex_BA9.v10.eQTLs	Frontal Cortex (BA9)	RECQL4	7.07480323696964e-11	Strong	FALSE	FALSE	FALSE	FALSE		1	RegulatoryStrong	GTEx_strong	RECQL4	ModerateConfidence	GTEx_strong
rs2721150	PROXY	8	144499590	G	C	G	C	0.475746244192123							Brain_Frontal_Cortex_BA9.v10.eQTLs	Frontal Cortex (BA9)	RECQL4	9.33937224212945e-12	Strong	FALSE	FALSE	FALSE	FALSE		1	RegulatoryStrong	GTEx_strong	RECQL4	ModerateConfidence	GTEx_strong
rs2721173	PROXY	8	144519045	T	C	T	C	0.444029837846756							Brain_Frontal_Cortex_BA9.v10.eQTLs	Frontal Cortex (BA9)	RECQL4	7.30696004811867e-12	Strong	FALSE	FALSE	FALSE	FALSE		1	RegulatoryStrong	GTEx_strong	RECQL4	ModerateConfidence	GTEx_strong
rs2721197	PROXY	8	144502322	G	A	G	A	0.440298497676849							Brain_Frontal_Cortex_BA9.v10.eQTLs	Frontal Cortex (BA9)	RECQL4	1.30218074644192e-10	Strong	FALSE	FALSE	FALSE	FALSE		1	RegulatoryStrong	GTEx_strong	RECQL4	ModerateConfidence	GTEx_strong
rs28970743	PROXY	8	145827869	C	T	C	T	0.515	0.5	0.515	0.94544	0.0099	1.367e-08	0.973	Brain_Cerebellar_Hemisphere.v10.eQTLs	Cerebellar Hemisphere	RECQL4	1.32521048742719e-09	Strong	FALSE	FALSE	FALSE	FALSE		1	RegulatoryStrong	GTEx_strong	RECQL4	ModerateConfidence	GTEx_strong
rs3757966	PROXY	8	144519234	A	G	A	G	0.412878811359406							Brain_Cerebellum.v10.eQTLs	Cerebellum	RECQL4	2.86471681534831e-11	Strong	FALSE	FALSE	FALSE	FALSE		1	RegulatoryStrong	GTEx_strong	RECQL4	ModerateConfidence	GTEx_strong
rs3816732	PROXY	8	144498892	C	T	C	T	0.416666686534882							Brain_Cerebellum.v10.eQTLs	Cerebellum	RECQL4	2.45199215470332e-11	Strong	FALSE	FALSE	FALSE	FALSE		1	RegulatoryStrong	GTEx_strong	RECQL4	ModerateConfidence	GTEx_strong
rs4244610	PROXY	8	144512131	A	G	A	G	0.438432812690735							Brain_Frontal_Cortex_BA9.v10.eQTLs	Frontal Cortex (BA9)	RECQL4	3.78746322247647e-11	Strong	FALSE	FALSE	FALSE	FALSE		1	RegulatoryStrong	GTEx_strong	RECQL4	ModerateConfidence	GTEx_strong
rs4244611	PROXY	8	144514540	A	G	A	G	0.416666686534882							Brain_Cerebellum.v10.eQTLs	Cerebellum	RECQL4	4.32662796432276e-11	Strong	FALSE	FALSE	FALSE	FALSE		1	RegulatoryStrong	GTEx_strong	RECQL4	ModerateConfidence	GTEx_strong
rs4251689	PROXY	8	144515746	T	C	T	C	0.416666686534882							Brain_Cerebellum.v10.eQTLs	Cerebellum	RECQL4	5.32651329819002e-11	Strong	FALSE	FALSE	FALSE	FALSE		1	RegulatoryStrong	GTEx_strong	RECQL4	ModerateConfidence	GTEx_strong
rs4251691	PROXY	8	144512433	T	C	T	C	0.407196968793869							Brain_Cerebellum.v10.eQTLs	Cerebellum	RECQL4	2.46977892553399e-10	Strong	FALSE	FALSE	FALSE	FALSE		1	RegulatoryStrong	GTEx_strong	RECQL4	ModerateConfidence	GTEx_strong
rs4333644	PROXY	8	145844039	C	T	C	T	0.521	0.511	0.521	0.94838	0.0099	7.917e-08	0.974	Brain_Cerebellar_Hemisphere.v10.eQTLs	Cerebellar Hemisphere	RECQL4	6.73131375346051e-12	Strong	FALSE	FALSE	FALSE	FALSE		1	RegulatoryStrong	GTEx_strong	RECQL4	ModerateConfidence	GTEx_strong
rs4532636	PROXY	8	145904423	A	C	A	C	0.454	0.451	0.454	1.04571	0.0095	2.613e-06	0.997	Brain_Cerebellum.v10.eQTLs	Cerebellum	RECQL4	3.67746185439485e-07	Moderate	FALSE	FALSE	FALSE	FALSE		0	RegulatoryModerate	GTEx_moderate	RECQL4	ModerateConfidence	GTEx_strong
rs4925811	LEAD	8	145802447	T	G	T	G	0.531	0.515	0.531	0.94365	0.0101	8.303e-09	0.963	Brain_Cerebellum.v10.eQTLs	Cerebellum	RECQL4	4.0574306461745e-11	Strong	TRUE	TRUE	TRUE	FALSE		2	MultiEvidence	GTEx_strong+SMR_support	RECQL4	ModerateConfidence	GTEx_strong
rs4925812	PROXY	8	145808035	C	T	C	T	0.537	0.519	0.537	0.94412	0.0101	1.14e-08	0.963	Brain_Cerebellum.v10.eQTLs	Cerebellum	RECQL4	3.51649627557978e-11	Strong	FALSE	FALSE	FALSE	FALSE		1	RegulatoryStrong	GTEx_strong	RECQL4	ModerateConfidence	GTEx_strong
rs67392224	PROXY	8	144481661	C	T	C	T	0.52238804101944							Brain_Frontal_Cortex_BA9.v10.eQTLs	Frontal Cortex (BA9)	RECQL4	6.43879512382572e-12	Strong	FALSE	FALSE	FALSE	FALSE		1	RegulatoryStrong	GTEx_strong	RECQL4	ModerateConfidence	GTEx_strong
rs6989368	PROXY	8	145813457	A	G	A	G	0.512	0.496	0.512	0.94469	0.0101	1.497e-08	0.968	Brain_Cerebellum.v10.eQTLs	Cerebellum	RECQL4	1.63803739961964e-11	Strong	FALSE	FALSE	FALSE	FALSE		1	RegulatoryStrong	GTEx_strong	RECQL4	ModerateConfidence	GTEx_strong
rs7003836	PROXY	8	144484665	G	T	G	T	0.527985036373138							Brain_Frontal_Cortex_BA9.v10.eQTLs	Frontal Cortex (BA9)	RECQL4	7.22194277733032e-13	Strong	FALSE	FALSE	FALSE	FALSE		1	RegulatoryStrong	GTEx_strong	RECQL4	ModerateConfidence	GTEx_strong
rs7014426	PROXY	8	144484607	A	G	A	G	0.541044771671295							Brain_Frontal_Cortex_BA9.v10.eQTLs	Frontal Cortex (BA9)	RECQL4	8.51283462326707e-11	Strong	FALSE	FALSE	FALSE	FALSE		1	RegulatoryStrong	GTEx_strong	RECQL4	ModerateConfidence	GTEx_strong
rs7387910	PROXY	8	144491463	T	A	T	A	0.432835817337036							Brain_Frontal_Cortex_BA9.v10.eQTLs	Frontal Cortex (BA9)	RECQL4	1.1915585687685e-10	Strong	FALSE	FALSE	FALSE	FALSE		1	RegulatoryStrong	GTEx_strong	RECQL4	ModerateConfidence	GTEx_strong
rs756627	PROXY	8	144511903	A	G	A	G	0.416666686534882							Brain_Cerebellum.v10.eQTLs	Cerebellum	RECQL4	3.43362484082555e-11	Strong	FALSE	FALSE	FALSE	FALSE		1	RegulatoryStrong	GTEx_strong	RECQL4	ModerateConfidence	GTEx_strong
rs9071	PROXY	8	144525122	A	G	A	G	0.490671634674072							Brain_Frontal_Cortex_BA9.v10.eQTLs	Frontal Cortex (BA9)	RECQL4	8.2040076658385e-12	Strong	FALSE	FALSE	FALSE	FALSE		1	RegulatoryStrong	GTEx_strong	RECQL4	ModerateConfidence	GTEx_strong
rs997258	PROXY	8	145903077	C	A	C	A	0.468	0.474	0.468	1.05054	0.0096	2.612e-07	0.991	Brain_Frontal_Cortex_BA9.v10.eQTLs	Frontal Cortex (BA9)	RECQL4	1.90899014920548e-09	Strong	FALSE	FALSE	TRUE	FALSE		1	RegulatoryStrong	GTEx_strong	RECQL4	ModerateConfidence	GTEx_strong
rs10000407	PROXY	4	147055307	A	C	A	C	0.68	0.684	0.68	0.94649	0.0102	6.81e-08	0.997	Brain_Cerebellar_Hemisphere.v10.eQTLs	Cerebellar Hemisphere	REELD1	1.58044534976926e-23	Strong	FALSE	FALSE	FALSE	FALSE		1	RegulatoryStrong	GTEx_strong	REELD1	HighConfidence	GTEx_strong+SMR_support
rs10446755	PROXY	4	147044969	T	G	T	G	0.677	0.684	0.677	0.94857	0.0102	2.154e-07	0.997	Brain_Cerebellar_Hemisphere.v10.eQTLs	Cerebellar Hemisphere	REELD1	4.80217505174362e-24	Strong	FALSE	FALSE	FALSE	FALSE		1	RegulatoryStrong	GTEx_strong	REELD1	HighConfidence	GTEx_strong+SMR_support
rs10446779	PROXY	4	147042556	A	G	A	G	0.677	0.684	0.677	0.94866	0.0101	1.984e-07	0.998	Brain_Cerebellar_Hemisphere.v10.eQTLs	Cerebellar Hemisphere	REELD1	1.14672054968422e-24	Strong	FALSE	FALSE	FALSE	FALSE		1	RegulatoryStrong	GTEx_strong	REELD1	HighConfidence	GTEx_strong+SMR_support
rs10446780	PROXY	4	147042581	G	C	G	C	0.678	0.684	0.678	0.9481	0.0102	1.651e-07	0.998	Brain_Cerebellar_Hemisphere.v10.eQTLs	Cerebellar Hemisphere	REELD1	1.80668073017327e-24	Strong	FALSE	FALSE	FALSE	FALSE		1	RegulatoryStrong	GTEx_strong	REELD1	HighConfidence	GTEx_strong+SMR_support
rs10519776	PROXY	4	147113322	C	T	C	T	0.673	0.684	0.673	0.94686	0.0102	8.719e-08	0.997	Brain_Cerebellar_Hemisphere.v10.eQTLs	Cerebellar Hemisphere	REELD1	1.4015553011203e-27	Strong	FALSE	FALSE	FALSE	FALSE		1	RegulatoryStrong	GTEx_strong	REELD1	HighConfidence	GTEx_strong+SMR_support
rs11100919	PROXY	4	147126331	T	C	T	C	0.673	0.684	0.673	0.94696	0.0102	9.762e-08	0.998	Brain_Cerebellar_Hemisphere.v10.eQTLs	Cerebellar Hemisphere	REELD1	1.4015553011203e-27	Strong	FALSE	FALSE	FALSE	FALSE		1	RegulatoryStrong	GTEx_strong	REELD1	HighConfidence	GTEx_strong+SMR_support
rs11721367	PROXY	4	147098833	G	C	G	C	0.653	0.659	0.653	0.94488	0.01	1.49e-08	0.995	Brain_Cerebellar_Hemisphere.v10.eQTLs	Cerebellar Hemisphere	REELD1	1.06362896643062e-34	Strong	FALSE	FALSE	FALSE	FALSE		1	RegulatoryStrong	GTEx_strong	REELD1	HighConfidence	GTEx_strong+SMR_support
rs11721669	PROXY	4	147042000	A	T	A	T	0.677	0.684	0.677	0.94847	0.0102	1.886e-07	0.998	Brain_Cerebellar_Hemisphere.v10.eQTLs	Cerebellar Hemisphere	REELD1	4.80217505174362e-24	Strong	FALSE	FALSE	FALSE	FALSE		1	RegulatoryStrong	GTEx_strong	REELD1	HighConfidence	GTEx_strong+SMR_support
rs11721815	PROXY	4	147042373	A	G	A	G	0.677	0.684	0.677	0.94866	0.0101	1.979e-07	0.998	Brain_Cerebellar_Hemisphere.v10.eQTLs	Cerebellar Hemisphere	REELD1	5.60619195150044e-24	Strong	FALSE	FALSE	FALSE	FALSE		1	RegulatoryStrong	GTEx_strong	REELD1	HighConfidence	GTEx_strong+SMR_support
rs11721873	PROXY	4	147131457	T	C	T	C	0.676	0.688	0.676	0.94705	0.0103	1.157e-07	0.996	Brain_Cerebellar_Hemisphere.v10.eQTLs	Cerebellar Hemisphere	REELD1	7.58891643741592e-27	Strong	FALSE	FALSE	FALSE	FALSE		1	RegulatoryStrong	GTEx_strong	REELD1	HighConfidence	GTEx_strong+SMR_support
rs11723069	PROXY	4	147078468	A	G	A	G	0.673	0.679	0.673	0.94488	0.0102	2.601e-08	0.994	Brain_Cerebellar_Hemisphere.v10.eQTLs	Cerebellar Hemisphere	REELD1	4.70087262059827e-25	Strong	FALSE	FALSE	FALSE	FALSE		1	RegulatoryStrong	GTEx_strong	REELD1	HighConfidence	GTEx_strong+SMR_support
rs11724307	PROXY	4	147058474	C	G	C	G	0.678	0.682	0.678	0.94554	0.0102	4.328e-08	0.995	Brain_Cerebellar_Hemisphere.v10.eQTLs	Cerebellar Hemisphere	REELD1	8.37130466648181e-25	Strong	FALSE	FALSE	FALSE	FALSE		1	RegulatoryStrong	GTEx_strong	REELD1	HighConfidence	GTEx_strong+SMR_support
rs11725678	PROXY	4	147049187	C	T	C	T	0.677	0.684	0.677	0.94847	0.0102	2.136e-07	0.997	Brain_Cerebellar_Hemisphere.v10.eQTLs	Cerebellar Hemisphere	REELD1	5.60619195150044e-24	Strong	FALSE	FALSE	FALSE	FALSE		1	RegulatoryStrong	GTEx_strong	REELD1	HighConfidence	GTEx_strong+SMR_support
rs11728525	PROXY	4	147058455	A	G	A	G	0.677	0.681	0.677	0.94592	0.0102	5.107e-08	0.995	Brain_Cerebellar_Hemisphere.v10.eQTLs	Cerebellar Hemisphere	REELD1	6.07316077528859e-24	Strong	FALSE	FALSE	FALSE	FALSE		1	RegulatoryStrong	GTEx_strong	REELD1	HighConfidence	GTEx_strong+SMR_support
rs11728609	PROXY	4	147127679	C	T	C	T	0.673	0.684	0.673	0.94715	0.0102	9.755e-08	0.999	Brain_Cerebellar_Hemisphere.v10.eQTLs	Cerebellar Hemisphere	REELD1	8.7000687317117e-28	Strong	FALSE	FALSE	FALSE	FALSE		1	RegulatoryStrong	GTEx_strong	REELD1	HighConfidence	GTEx_strong+SMR_support
rs11729547	PROXY	4	147040848	G	C	G	C	0.678	0.685	0.678	0.94838	0.0102	2.099e-07	0.996	Brain_Cerebellar_Hemisphere.v10.eQTLs	Cerebellar Hemisphere	REELD1	4.06903038369213e-24	Strong	FALSE	FALSE	FALSE	FALSE		1	RegulatoryStrong	GTEx_strong	REELD1	HighConfidence	GTEx_strong+SMR_support
rs11729787	PROXY	4	147128715	C	T	C	T	0.673	0.684	0.673	0.94705	0.0102	9.99e-08	0.998	Brain_Cerebellar_Hemisphere.v10.eQTLs	Cerebellar Hemisphere	REELD1	1.4015553011203e-27	Strong	FALSE	FALSE	FALSE	FALSE		1	RegulatoryStrong	GTEx_strong	REELD1	HighConfidence	GTEx_strong+SMR_support
rs11730306	PROXY	4	147081567	G	A	G	A	0.673	0.679	0.673	0.94507	0.0102	3.026e-08	0.994	Brain_Cerebellar_Hemisphere.v10.eQTLs	Cerebellar Hemisphere	REELD1	6.02319908015027e-26	Strong	FALSE	FALSE	FALSE	FALSE		1	RegulatoryStrong	GTEx_strong	REELD1	HighConfidence	GTEx_strong+SMR_support
rs11733347	PROXY	4	147119182	G	A	G	A	0.673	0.684	0.673	0.94686	0.0102	9.146e-08	0.998	Brain_Cerebellar_Hemisphere.v10.eQTLs	Cerebellar Hemisphere	REELD1	8.7000687317117e-28	Strong	FALSE	FALSE	FALSE	FALSE		1	RegulatoryStrong	GTEx_strong	REELD1	HighConfidence	GTEx_strong+SMR_support
rs11940961	PROXY	4	147047921	G	C	G	C	0.677	0.684	0.677	0.94914	0.0102	2.956e-07	0.996	Brain_Cerebellar_Hemisphere.v10.eQTLs	Cerebellar Hemisphere	REELD1	5.14495779532715e-23	Strong	FALSE	FALSE	FALSE	FALSE		1	RegulatoryStrong	GTEx_strong	REELD1	HighConfidence	GTEx_strong+SMR_support
rs12152657	PROXY	4	147130137	C	T	C	T	0.673	0.684	0.673	0.94705	0.0102	1.045e-07	0.997	Brain_Cerebellar_Hemisphere.v10.eQTLs	Cerebellar Hemisphere	REELD1	9.23738142698779e-28	Strong	FALSE	FALSE	FALSE	FALSE		1	RegulatoryStrong	GTEx_strong	REELD1	HighConfidence	GTEx_strong+SMR_support
rs12152692	PROXY	4	147130540	A	T	A	T	0.654	0.663	0.654	0.94705	0.01	5.629e-08	0.998	Brain_Cerebellar_Hemisphere.v10.eQTLs	Cerebellar Hemisphere	REELD1	3.01698158454557e-33	Strong	FALSE	FALSE	FALSE	FALSE		1	RegulatoryStrong	GTEx_strong	REELD1	HighConfidence	GTEx_strong+SMR_support
rs12152709	PROXY	4	147130122	T	C	T	C	0.673	0.684	0.673	0.94696	0.0102	9.81e-08	0.998	Brain_Cerebellar_Hemisphere.v10.eQTLs	Cerebellar Hemisphere	REELD1	1.4015553011203e-27	Strong	FALSE	FALSE	FALSE	FALSE		1	RegulatoryStrong	GTEx_strong	REELD1	HighConfidence	GTEx_strong+SMR_support
rs17021106	PROXY	4	147055618	A	G	A	G	0.661	0.664	0.661	0.94649	0.0101	4.553e-08	0.996	Brain_Cerebellar_Hemisphere.v10.eQTLs	Cerebellar Hemisphere	REELD1	3.6118676605031e-32	Strong	FALSE	FALSE	FALSE	FALSE		1	RegulatoryStrong	GTEx_strong	REELD1	HighConfidence	GTEx_strong+SMR_support
rs17021217	PROXY	4	147114344	C	T	C	T	0.673	0.683	0.673	0.94715	0.0102	1.048e-07	0.997	Brain_Cerebellar_Hemisphere.v10.eQTLs	Cerebellar Hemisphere	REELD1	3.30186285384975e-26	Strong	FALSE	FALSE	FALSE	FALSE		1	RegulatoryStrong	GTEx_strong	REELD1	HighConfidence	GTEx_strong+SMR_support
rs17756056	PROXY	4	147055506	G	C	G	C	0.677	0.682	0.677	0.94658	0.0102	7.133e-08	0.996	Brain_Cerebellar_Hemisphere.v10.eQTLs	Cerebellar Hemisphere	REELD1	2.25786363298316e-23	Strong	FALSE	FALSE	FALSE	FALSE		1	RegulatoryStrong	GTEx_strong	REELD1	HighConfidence	GTEx_strong+SMR_support
rs17756234	PROXY	4	147059968	C	T	C	T	0.673	0.679	0.673	0.94441	0.0102	1.942e-08	0.995	Brain_Cerebellar_Hemisphere.v10.eQTLs	Cerebellar Hemisphere	REELD1	8.37130466648181e-25	Strong	FALSE	FALSE	FALSE	FALSE		1	RegulatoryStrong	GTEx_strong	REELD1	HighConfidence	GTEx_strong+SMR_support
rs17757522	PROXY	4	147103739	T	C	T	C	0.67	0.678	0.67	0.94601	0.0102	4.741e-08	0.995	Brain_Cerebellar_Hemisphere.v10.eQTLs	Cerebellar Hemisphere	REELD1	6.6601851868524e-27	Strong	FALSE	FALSE	FALSE	FALSE		1	RegulatoryStrong	GTEx_strong	REELD1	HighConfidence	GTEx_strong+SMR_support
rs17757685	PROXY	4	147108981	A	G	A	G	0.673	0.684	0.673	0.94686	0.0102	9.359e-08	0.996	Brain_Cerebellar_Hemisphere.v10.eQTLs	Cerebellar Hemisphere	REELD1	5.07893876371365e-27	Strong	FALSE	FALSE	FALSE	FALSE		1	RegulatoryStrong	GTEx_strong	REELD1	HighConfidence	GTEx_strong+SMR_support
rs17757715	PROXY	4	147110652	C	T	C	T	0.673	0.684	0.673	0.94686	0.0102	8.676e-08	0.997	Brain_Cerebellar_Hemisphere.v10.eQTLs	Cerebellar Hemisphere	REELD1	1.4015553011203e-27	Strong	FALSE	FALSE	FALSE	FALSE		1	RegulatoryStrong	GTEx_strong	REELD1	HighConfidence	GTEx_strong+SMR_support
rs17758092	PROXY	4	147114024	C	T	C	T	0.673	0.683	0.673	0.94696	0.0102	9.084e-08	0.997	Brain_Cerebellar_Hemisphere.v10.eQTLs	Cerebellar Hemisphere	REELD1	2.78421670568433e-27	Strong	FALSE	FALSE	FALSE	FALSE		1	RegulatoryStrong	GTEx_strong	REELD1	HighConfidence	GTEx_strong+SMR_support
rs17758396	PROXY	4	147121752	T	C	T	C	0.673	0.684	0.673	0.94686	0.0102	8.98e-08	0.998	Brain_Cerebellar_Hemisphere.v10.eQTLs	Cerebellar Hemisphere	REELD1	1.4015553011203e-27	Strong	FALSE	FALSE	FALSE	FALSE		1	RegulatoryStrong	GTEx_strong	REELD1	HighConfidence	GTEx_strong+SMR_support
rs17758420	PROXY	4	147121814	A	G	A	G	0.673	0.684	0.673	0.94696	0.0102	9.185e-08	0.998	Brain_Cerebellar_Hemisphere.v10.eQTLs	Cerebellar Hemisphere	REELD1	8.7000687317117e-28	Strong	FALSE	FALSE	FALSE	FALSE		1	RegulatoryStrong	GTEx_strong	REELD1	HighConfidence	GTEx_strong+SMR_support
rs17814023	PROXY	4	147104679	G	A	G	A	0.673	0.684	0.673	0.94686	0.0102	9.033e-08	0.996	Brain_Cerebellar_Hemisphere.v10.eQTLs	Cerebellar Hemisphere	REELD1	4.25766582698822e-28	Strong	FALSE	FALSE	FALSE	FALSE		1	RegulatoryStrong	GTEx_strong	REELD1	HighConfidence	GTEx_strong+SMR_support
rs17814065	PROXY	4	147106079	A	T	A	T	0.673	0.684	0.673	0.94667	0.0102	9.078e-08	0.996	Brain_Cerebellar_Hemisphere.v10.eQTLs	Cerebellar Hemisphere	REELD1	8.7000687317117e-28	Strong	FALSE	FALSE	FALSE	FALSE		1	RegulatoryStrong	GTEx_strong	REELD1	HighConfidence	GTEx_strong+SMR_support
rs17814503	PROXY	4	147113959	T	C	T	C	0.673	0.684	0.673	0.94686	0.0102	8.803e-08	0.997	Brain_Cerebellar_Hemisphere.v10.eQTLs	Cerebellar Hemisphere	REELD1	1.4015553011203e-27	Strong	FALSE	FALSE	FALSE	FALSE		1	RegulatoryStrong	GTEx_strong	REELD1	HighConfidence	GTEx_strong+SMR_support
rs17814598	PROXY	4	147114946	G	A	G	A	0.673	0.684	0.673	0.94686	0.0102	8.864e-08	0.997	Brain_Cerebellar_Hemisphere.v10.eQTLs	Cerebellar Hemisphere	REELD1	1.4015553011203e-27	Strong	FALSE	FALSE	FALSE	FALSE		1	RegulatoryStrong	GTEx_strong	REELD1	HighConfidence	GTEx_strong+SMR_support
rs1864371	PROXY	4	147039759	C	G	C	G	0.677	0.684	0.677	0.9481	0.0102	1.765e-07	0.996	Brain_Cerebellar_Hemisphere.v10.eQTLs	Cerebellar Hemisphere	REELD1	1.14672054968422e-24	Strong	FALSE	FALSE	FALSE	FALSE		1	RegulatoryStrong	GTEx_strong	REELD1	HighConfidence	GTEx_strong+SMR_support
rs1865531	PROXY	4	147096093	C	T	C	T	0.653	0.659	0.653	0.94535	0.01	1.952e-08	0.995	Brain_Cerebellar_Hemisphere.v10.eQTLs	Cerebellar Hemisphere	REELD1	1.5516976135825e-35	Strong	FALSE	FALSE	FALSE	FALSE		1	RegulatoryStrong	GTEx_strong	REELD1	HighConfidence	GTEx_strong+SMR_support
rs2007366	PROXY	4	147054644	T	G	T	G	0.68	0.684	0.68	0.94639	0.0102	6.39e-08	0.997	Brain_Cerebellar_Hemisphere.v10.eQTLs	Cerebellar Hemisphere	REELD1	1.58044534976926e-23	Strong	FALSE	FALSE	FALSE	FALSE		1	RegulatoryStrong	GTEx_strong	REELD1	HighConfidence	GTEx_strong+SMR_support
rs2068009	PROXY	4	147114460	G	A	G	A	0.673	0.684	0.673	0.94686	0.0102	8.878e-08	0.997	Brain_Cerebellar_Hemisphere.v10.eQTLs	Cerebellar Hemisphere	REELD1	1.4015553011203e-27	Strong	FALSE	FALSE	FALSE	FALSE		1	RegulatoryStrong	GTEx_strong	REELD1	HighConfidence	GTEx_strong+SMR_support
rs2115796	PROXY	4	147119787	C	T	C	T	0.673	0.684	0.673	0.94686	0.0102	9.114e-08	0.998	Brain_Cerebellar_Hemisphere.v10.eQTLs	Cerebellar Hemisphere	REELD1	1.4015553011203e-27	Strong	FALSE	FALSE	FALSE	FALSE		1	RegulatoryStrong	GTEx_strong	REELD1	HighConfidence	GTEx_strong+SMR_support
rs2115797	PROXY	4	147119562	A	G	A	G	0.673	0.684	0.673	0.94696	0.0102	9.411e-08	0.998	Brain_Cerebellar_Hemisphere.v10.eQTLs	Cerebellar Hemisphere	REELD1	1.4015553011203e-27	Strong	FALSE	FALSE	FALSE	FALSE		1	RegulatoryStrong	GTEx_strong	REELD1	HighConfidence	GTEx_strong+SMR_support
rs2163171	PROXY	4	147119901	C	T	C	T	0.673	0.684	0.673	0.94686	0.0102	9.113e-08	0.998	Brain_Cerebellar_Hemisphere.v10.eQTLs	Cerebellar Hemisphere	REELD1	1.4015553011203e-27	Strong	FALSE	FALSE	FALSE	FALSE		1	RegulatoryStrong	GTEx_strong	REELD1	HighConfidence	GTEx_strong+SMR_support
rs2164280	PROXY	4	147129835	A	T	A	T	0.654	0.663	0.654	0.94705	0.01	5.509e-08	0.998	Brain_Cerebellar_Hemisphere.v10.eQTLs	Cerebellar Hemisphere	REELD1	3.01698158454557e-33	Strong	FALSE	FALSE	FALSE	FALSE		1	RegulatoryStrong	GTEx_strong	REELD1	HighConfidence	GTEx_strong+SMR_support
rs28393640	PROXY	4	147046449	C	T	C	T	0.677	0.684	0.677	0.94857	0.0102	2.201e-07	0.997	Brain_Cerebellar_Hemisphere.v10.eQTLs	Cerebellar Hemisphere	REELD1	5.60619195150044e-24	Strong	FALSE	FALSE	FALSE	FALSE		1	RegulatoryStrong	GTEx_strong	REELD1	HighConfidence	GTEx_strong+SMR_support
rs28420466	PROXY	4	147099181	A	G	A	G	0.654	0.659	0.654	0.94497	0.01	1.562e-08	0.995	Brain_Cerebellar_Hemisphere.v10.eQTLs	Cerebellar Hemisphere	REELD1	1.5516976135825e-35	Strong	FALSE	FALSE	FALSE	FALSE		1	RegulatoryStrong	GTEx_strong	REELD1	HighConfidence	GTEx_strong+SMR_support
rs3733458	PROXY	4	147097170	C	A	C	A	0.653	0.659	0.653	0.94526	0.01	1.901e-08	0.995	Brain_Cerebellar_Hemisphere.v10.eQTLs	Cerebellar Hemisphere	REELD1	1.5516976135825e-35	Strong	FALSE	FALSE	FALSE	FALSE		1	RegulatoryStrong	GTEx_strong	REELD1	HighConfidence	GTEx_strong+SMR_support
rs3733459	PROXY	4	147097107	A	G	A	G	0.653	0.659	0.653	0.94554	0.01	2.261e-08	0.995	Brain_Cerebellar_Hemisphere.v10.eQTLs	Cerebellar Hemisphere	REELD1	1.5516976135825e-35	Strong	FALSE	FALSE	FALSE	FALSE		1	RegulatoryStrong	GTEx_strong	REELD1	HighConfidence	GTEx_strong+SMR_support
rs3733460	PROXY	4	147096994	G	A	G	A	0.653	0.659	0.653	0.94526	0.01	1.897e-08	0.995	Brain_Cerebellar_Hemisphere.v10.eQTLs	Cerebellar Hemisphere	REELD1	1.5516976135825e-35	Strong	FALSE	FALSE	FALSE	FALSE		1	RegulatoryStrong	GTEx_strong	REELD1	HighConfidence	GTEx_strong+SMR_support
rs3756081	PROXY	4	147111241	C	G	C	G	0.654	0.663	0.654	0.94677	0.01	4.881e-08	0.997	Brain_Cerebellar_Hemisphere.v10.eQTLs	Cerebellar Hemisphere	REELD1	1.86225697566818e-32	Strong	TRUE	TRUE	TRUE	FALSE		2	MultiEvidence	GTEx_strong+SMR_support	REELD1	HighConfidence	GTEx_strong+SMR_support
rs3756082	PROXY	4	147111098	C	T	C	T	0.673	0.684	0.673	0.94696	0.0102	8.839e-08	0.997	Brain_Cerebellar_Hemisphere.v10.eQTLs	Cerebellar Hemisphere	REELD1	8.7000687317117e-28	Strong	FALSE	FALSE	FALSE	FALSE		1	RegulatoryStrong	GTEx_strong	REELD1	HighConfidence	GTEx_strong+SMR_support
rs3756083	PROXY	4	147096213	C	G	C	G	0.653	0.659	0.653	0.94526	0.01	1.905e-08	0.995	Brain_Cerebellar_Hemisphere.v10.eQTLs	Cerebellar Hemisphere	REELD1	1.5516976135825e-35	Strong	FALSE	FALSE	FALSE	FALSE		1	RegulatoryStrong	GTEx_strong	REELD1	HighConfidence	GTEx_strong+SMR_support
rs3775498	PROXY	4	147100117	T	G	T	G	0.653	0.659	0.653	0.94554	0.01	2.304e-08	0.995	Brain_Cerebellar_Hemisphere.v10.eQTLs	Cerebellar Hemisphere	REELD1	1.06362896643062e-34	Strong	FALSE	FALSE	FALSE	FALSE		1	RegulatoryStrong	GTEx_strong	REELD1	HighConfidence	GTEx_strong+SMR_support
rs3815967	PROXY	4	147102472	T	C	T	C	0.651	0.658	0.651	0.94563	0.01	2.492e-08	0.996	Brain_Cerebellar_Hemisphere.v10.eQTLs	Cerebellar Hemisphere	REELD1	1.00515897906535e-33	Strong	FALSE	FALSE	FALSE	FALSE		1	RegulatoryStrong	GTEx_strong	REELD1	HighConfidence	GTEx_strong+SMR_support
rs3948408	PROXY	4	147044971	T	C	T	C	0.677	0.684	0.677	0.94847	0.0102	2.019e-07	0.997	Brain_Cerebellar_Hemisphere.v10.eQTLs	Cerebellar Hemisphere	REELD1	5.60619195150044e-24	Strong	FALSE	FALSE	FALSE	FALSE		1	RegulatoryStrong	GTEx_strong	REELD1	HighConfidence	GTEx_strong+SMR_support
rs4282199	PROXY	4	147099414	T	A	T	A	0.653	0.659	0.653	0.94507	0.01	1.694e-08	0.995	Brain_Cerebellar_Hemisphere.v10.eQTLs	Cerebellar Hemisphere	REELD1	1.06362896643062e-34	Strong	FALSE	FALSE	FALSE	FALSE		1	RegulatoryStrong	GTEx_strong	REELD1	HighConfidence	GTEx_strong+SMR_support
rs4549398	PROXY	4	147052708	G	T	G	T	0.68	0.685	0.68	0.948	0.0102	1.57e-07	0.997	Brain_Cerebellar_Hemisphere.v10.eQTLs	Cerebellar Hemisphere	REELD1	5.60619195150044e-24	Strong	FALSE	FALSE	FALSE	FALSE		1	RegulatoryStrong	GTEx_strong	REELD1	HighConfidence	GTEx_strong+SMR_support
rs4835286	PROXY	4	147047072	A	C	A	C	0.677	0.684	0.677	0.94857	0.0102	2.275e-07	0.997	Brain_Cerebellar_Hemisphere.v10.eQTLs	Cerebellar Hemisphere	REELD1	5.60619195150044e-24	Strong	FALSE	FALSE	FALSE	FALSE		1	RegulatoryStrong	GTEx_strong	REELD1	HighConfidence	GTEx_strong+SMR_support
rs55736910	PROXY	4	147117505	T	G	T	G	0.673	0.684	0.673	0.94686	0.0102	9.341e-08	0.997	Brain_Cerebellar_Hemisphere.v10.eQTLs	Cerebellar Hemisphere	REELD1	8.7000687317117e-28	Strong	FALSE	FALSE	FALSE	FALSE		1	RegulatoryStrong	GTEx_strong	REELD1	HighConfidence	GTEx_strong+SMR_support
rs56174047	PROXY	4	147058027	C	T	C	T	0.678	0.682	0.678	0.94535	0.0102	3.71e-08	0.995	Brain_Cerebellar_Hemisphere.v10.eQTLs	Cerebellar Hemisphere	REELD1	6.07316077528859e-24	Strong	FALSE	FALSE	FALSE	FALSE		1	RegulatoryStrong	GTEx_strong	REELD1	HighConfidence	GTEx_strong+SMR_support
rs56279747	PROXY	4	147106308	A	G	A	G	0.673	0.684	0.673	0.94667	0.0102	9.062e-08	0.996	Brain_Cerebellar_Hemisphere.v10.eQTLs	Cerebellar Hemisphere	REELD1	8.7000687317117e-28	Strong	FALSE	FALSE	FALSE	FALSE		1	RegulatoryStrong	GTEx_strong	REELD1	HighConfidence	GTEx_strong+SMR_support
rs56289966	PROXY	4	147047568	A	G	A	G	0.677	0.684	0.677	0.94866	0.0102	2.271e-07	0.997	Brain_Cerebellar_Hemisphere.v10.eQTLs	Cerebellar Hemisphere	REELD1	1.14672054968422e-24	Strong	FALSE	FALSE	FALSE	FALSE		1	RegulatoryStrong	GTEx_strong	REELD1	HighConfidence	GTEx_strong+SMR_support
rs56333123	PROXY	4	147106323	C	T	C	T	0.673	0.684	0.673	0.94677	0.0102	8.536e-08	0.996	Brain_Cerebellar_Hemisphere.v10.eQTLs	Cerebellar Hemisphere	REELD1	1.4015553011203e-27	Strong	FALSE	FALSE	FALSE	FALSE		1	RegulatoryStrong	GTEx_strong	REELD1	HighConfidence	GTEx_strong+SMR_support
rs62326764	PROXY	4	147051384	C	T	C	T	0.679	0.685	0.679	0.94772	0.0102	1.37e-07	0.997	Brain_Cerebellar_Hemisphere.v10.eQTLs	Cerebellar Hemisphere	REELD1	1.80668073017327e-24	Strong	FALSE	FALSE	FALSE	FALSE		1	RegulatoryStrong	GTEx_strong	REELD1	HighConfidence	GTEx_strong+SMR_support
rs62326797	PROXY	4	147085620	T	C	T	C	0.673	0.679	0.673	0.94544	0.0102	3.834e-08	0.994	Brain_Cerebellar_Hemisphere.v10.eQTLs	Cerebellar Hemisphere	REELD1	6.02319908015027e-26	Strong	FALSE	FALSE	FALSE	FALSE		1	RegulatoryStrong	GTEx_strong	REELD1	HighConfidence	GTEx_strong+SMR_support
rs62326801	PROXY	4	147107037	T	C	T	C	0.673	0.684	0.673	0.94677	0.0102	8.823e-08	0.996	Brain_Cerebellar_Hemisphere.v10.eQTLs	Cerebellar Hemisphere	REELD1	1.10105954284475e-26	Strong	FALSE	FALSE	FALSE	FALSE		1	RegulatoryStrong	GTEx_strong	REELD1	HighConfidence	GTEx_strong+SMR_support
rs62326802	PROXY	4	146185897	C	T	C	T	0.269927531480789							Brain_Cerebellar_Hemisphere.v10.eQTLs	Cerebellar Hemisphere	REELD1	1.10105954284475e-26	Strong	FALSE	FALSE	FALSE	FALSE		1	RegulatoryStrong	GTEx_strong	REELD1	HighConfidence	GTEx_strong+SMR_support
rs62326804	PROXY	4	147115713	A	G	A	G	0.673	0.684	0.673	0.94696	0.0102	9.077e-08	0.997	Brain_Cerebellar_Hemisphere.v10.eQTLs	Cerebellar Hemisphere	REELD1	1.4015553011203e-27	Strong	FALSE	FALSE	FALSE	FALSE		1	RegulatoryStrong	GTEx_strong	REELD1	HighConfidence	GTEx_strong+SMR_support
rs62326848	PROXY	4	147131513	A	G	A	G	0.674	0.684	0.674	0.94715	0.0102	1.065e-07	0.996	Brain_Cerebellar_Hemisphere.v10.eQTLs	Cerebellar Hemisphere	REELD1	4.77885803809922e-27	Strong	FALSE	FALSE	FALSE	FALSE		1	RegulatoryStrong	GTEx_strong	REELD1	HighConfidence	GTEx_strong+SMR_support
rs6537399	PROXY	4	147052152	G	T	G	T	0.678	0.684	0.678	0.94781	0.0102	1.412e-07	0.997	Brain_Cerebellar_Hemisphere.v10.eQTLs	Cerebellar Hemisphere	REELD1	2.86683229878437e-24	Strong	FALSE	FALSE	FALSE	FALSE		1	RegulatoryStrong	GTEx_strong	REELD1	HighConfidence	GTEx_strong+SMR_support
rs6537400	PROXY	4	147056715	T	C	T	C	0.68	0.684	0.68	0.94649	0.0102	7.079e-08	0.996	Brain_Cerebellar_Hemisphere.v10.eQTLs	Cerebellar Hemisphere	REELD1	2.62292319630758e-24	Strong	FALSE	FALSE	FALSE	FALSE		1	RegulatoryStrong	GTEx_strong	REELD1	HighConfidence	GTEx_strong+SMR_support
rs6537401	LEAD	4	147099654	G	A	G	A	0.655	0.66	0.655	0.94478	0.01	1.395e-08	0.995	Brain_Cerebellar_Hemisphere.v10.eQTLs	Cerebellar Hemisphere	REELD1	8.15254699868151e-34	Strong	TRUE	TRUE	TRUE	FALSE		2	MultiEvidence	GTEx_strong+SMR_support	REELD1	HighConfidence	GTEx_strong+SMR_support
rs6537402	PROXY	4	147116864	T	G	T	G	0.655	0.664	0.655	0.94667	0.01	4.396e-08	0.998	Brain_Cerebellar_Hemisphere.v10.eQTLs	Cerebellar Hemisphere	REELD1	1.86225697566818e-32	Strong	FALSE	FALSE	FALSE	FALSE		1	RegulatoryStrong	GTEx_strong	REELD1	HighConfidence	GTEx_strong+SMR_support
rs6537403	PROXY	4	147119111	A	C	A	C	0.655	0.664	0.655	0.94658	0.01	4.389e-08	0.998	Brain_Cerebellar_Hemisphere.v10.eQTLs	Cerebellar Hemisphere	REELD1	1.86225697566818e-32	Strong	FALSE	FALSE	FALSE	FALSE		1	RegulatoryStrong	GTEx_strong	REELD1	HighConfidence	GTEx_strong+SMR_support
rs6815527	PROXY	4	147097293	T	C	T	C	0.653	0.659	0.653	0.94535	0.01	2.013e-08	0.995	Brain_Cerebellar_Hemisphere.v10.eQTLs	Cerebellar Hemisphere	REELD1	1.5516976135825e-35	Strong	FALSE	FALSE	FALSE	FALSE		1	RegulatoryStrong	GTEx_strong	REELD1	HighConfidence	GTEx_strong+SMR_support
rs6816161	PROXY	4	147107294	G	A	G	A	0.673	0.684	0.673	0.94677	0.0102	8.609e-08	0.996	Brain_Cerebellar_Hemisphere.v10.eQTLs	Cerebellar Hemisphere	REELD1	1.10105954284475e-26	Strong	FALSE	FALSE	FALSE	FALSE		1	RegulatoryStrong	GTEx_strong	REELD1	HighConfidence	GTEx_strong+SMR_support
rs6820462	PROXY	4	147097424	T	C	T	C	0.653	0.659	0.653	0.94535	0.01	1.972e-08	0.995	Brain_Cerebellar_Hemisphere.v10.eQTLs	Cerebellar Hemisphere	REELD1	1.5516976135825e-35	Strong	TRUE	TRUE	TRUE	FALSE		2	MultiEvidence	GTEx_strong+SMR_support	REELD1	HighConfidence	GTEx_strong+SMR_support
rs6821066	PROXY	4	147127813	T	G	T	G	0.673	0.684	0.673	0.94715	0.0102	1.007e-07	0.999	Brain_Cerebellar_Hemisphere.v10.eQTLs	Cerebellar Hemisphere	REELD1	9.23738142698779e-28	Strong	FALSE	FALSE	FALSE	FALSE		1	RegulatoryStrong	GTEx_strong	REELD1	HighConfidence	GTEx_strong+SMR_support
rs6821444	PROXY	4	147127987	T	C	T	C	0.654	0.663	0.654	0.94696	0.01	5.196e-08	0.999	Brain_Cerebellar_Hemisphere.v10.eQTLs	Cerebellar Hemisphere	REELD1	1.86225697566818e-32	Strong	FALSE	FALSE	FALSE	FALSE		1	RegulatoryStrong	GTEx_strong	REELD1	HighConfidence	GTEx_strong+SMR_support
rs6821479	PROXY	4	147128034	T	C	T	C	0.697	0.689	0.697	0.95151	0.0116	1.732e-05	0.995	Brain_Cerebellar_Hemisphere.v10.eQTLs	Cerebellar Hemisphere	REELD1	9.23738142698779e-28	Strong	FALSE	FALSE	FALSE	FALSE		1	RegulatoryStrong	GTEx_strong	REELD1	HighConfidence	GTEx_strong+SMR_support
rs6821863	PROXY	4	147128199	T	C	T	C	0.655	0.664	0.655	0.94686	0.01	4.876e-08	0.999	Brain_Cerebellar_Hemisphere.v10.eQTLs	Cerebellar Hemisphere	REELD1	2.03381746953955e-32	Strong	FALSE	FALSE	FALSE	FALSE		1	RegulatoryStrong	GTEx_strong	REELD1	HighConfidence	GTEx_strong+SMR_support
rs6824313	PROXY	4	147116394	A	G	A	G	0.673	0.684	0.673	0.94705	0.0102	9.354e-08	0.997	Brain_Cerebellar_Hemisphere.v10.eQTLs	Cerebellar Hemisphere	REELD1	8.7000687317117e-28	Strong	FALSE	FALSE	FALSE	FALSE		1	RegulatoryStrong	GTEx_strong	REELD1	HighConfidence	GTEx_strong+SMR_support
rs6832576	PROXY	4	147056551	G	A	G	A	0.68	0.684	0.68	0.94649	0.0102	6.659e-08	0.996	Brain_Cerebellar_Hemisphere.v10.eQTLs	Cerebellar Hemisphere	REELD1	5.91567686750127e-25	Strong	FALSE	FALSE	FALSE	FALSE		1	RegulatoryStrong	GTEx_strong	REELD1	HighConfidence	GTEx_strong+SMR_support
rs6838458	PROXY	4	147063080	G	A	G	A	0.673	0.679	0.673	0.94441	0.0102	1.938e-08	0.995	Brain_Cerebellar_Hemisphere.v10.eQTLs	Cerebellar Hemisphere	REELD1	8.37130466648181e-25	Strong	FALSE	FALSE	FALSE	FALSE		1	RegulatoryStrong	GTEx_strong	REELD1	HighConfidence	GTEx_strong+SMR_support
rs6839123	PROXY	4	147105438	T	G	T	G	0.673	0.684	0.673	0.94667	0.0102	8.246e-08	0.996	Brain_Cerebellar_Hemisphere.v10.eQTLs	Cerebellar Hemisphere	REELD1	1.4015553011203e-27	Strong	FALSE	FALSE	FALSE	FALSE		1	RegulatoryStrong	GTEx_strong	REELD1	HighConfidence	GTEx_strong+SMR_support
rs6839141	PROXY	4	147105474	T	G	T	G	0.673	0.684	0.673	0.94677	0.0102	8.516e-08	0.996	Brain_Cerebellar_Hemisphere.v10.eQTLs	Cerebellar Hemisphere	REELD1	1.4015553011203e-27	Strong	FALSE	FALSE	FALSE	FALSE		1	RegulatoryStrong	GTEx_strong	REELD1	HighConfidence	GTEx_strong+SMR_support
rs6844381	PROXY	4	147118845	T	C	T	C	0.673	0.684	0.673	0.94686	0.0102	8.881e-08	0.997	Brain_Cerebellar_Hemisphere.v10.eQTLs	Cerebellar Hemisphere	REELD1	1.4015553011203e-27	Strong	FALSE	FALSE	FALSE	FALSE		1	RegulatoryStrong	GTEx_strong	REELD1	HighConfidence	GTEx_strong+SMR_support
rs6856647	PROXY	4	147070882	G	A	G	A	0.672	0.679	0.672	0.9445	0.0102	2.03e-08	0.994	Brain_Cerebellar_Hemisphere.v10.eQTLs	Cerebellar Hemisphere	REELD1	8.37130466648181e-25	Strong	FALSE	FALSE	FALSE	FALSE		1	RegulatoryStrong	GTEx_strong	REELD1	HighConfidence	GTEx_strong+SMR_support
rs6858813	PROXY	4	147097310	A	T	A	T	0.653	0.659	0.653	0.94535	0.01	1.997e-08	0.995	Brain_Cerebellar_Hemisphere.v10.eQTLs	Cerebellar Hemisphere	REELD1	1.5516976135825e-35	Strong	FALSE	FALSE	FALSE	FALSE		1	RegulatoryStrong	GTEx_strong	REELD1	HighConfidence	GTEx_strong+SMR_support
rs72727922	PROXY	4	147046473	T	G	T	G	0.678	0.684	0.678	0.9481	0.0102	1.705e-07	0.997	Brain_Cerebellar_Hemisphere.v10.eQTLs	Cerebellar Hemisphere	REELD1	1.80668073017327e-24	Strong	FALSE	FALSE	FALSE	FALSE		1	RegulatoryStrong	GTEx_strong	REELD1	HighConfidence	GTEx_strong+SMR_support
rs7657269	PROXY	4	147102663	A	G	A	G	0.67	0.678	0.67	0.94592	0.0102	4.919e-08	0.995	Brain_Cerebellar_Hemisphere.v10.eQTLs	Cerebellar Hemisphere	REELD1	9.33384653355274e-27	Strong	FALSE	FALSE	FALSE	FALSE		1	RegulatoryStrong	GTEx_strong	REELD1	HighConfidence	GTEx_strong+SMR_support
rs7665079	PROXY	4	147098127	T	C	T	C	0.653	0.659	0.653	0.94488	0.01	1.462e-08	0.995	Brain_Cerebellar_Hemisphere.v10.eQTLs	Cerebellar Hemisphere	REELD1	1.06362896643062e-34	Strong	FALSE	FALSE	FALSE	FALSE		1	RegulatoryStrong	GTEx_strong	REELD1	HighConfidence	GTEx_strong+SMR_support
rs7695415	PROXY	4	147056235	A	T	A	T	0.68	0.684	0.68	0.94639	0.0102	6.375e-08	0.996	Brain_Cerebellar_Hemisphere.v10.eQTLs	Cerebellar Hemisphere	REELD1	1.58044534976926e-23	Strong	FALSE	FALSE	FALSE	FALSE		1	RegulatoryStrong	GTEx_strong	REELD1	HighConfidence	GTEx_strong+SMR_support
rs919482	PROXY	4	147095630	C	T	C	T	0.654	0.659	0.654	0.94544	0.01	2.043e-08	0.995	Brain_Cerebellar_Hemisphere.v10.eQTLs	Cerebellar Hemisphere	REELD1	1.00217993293673e-34	Strong	FALSE	FALSE	FALSE	FALSE		1	RegulatoryStrong	GTEx_strong	REELD1	HighConfidence	GTEx_strong+SMR_support
rs919483	PROXY	4	147104263	A	G	A	G	0.67	0.678	0.67	0.94592	0.0102	4.634e-08	0.996	Brain_Cerebellar_Hemisphere.v10.eQTLs	Cerebellar Hemisphere	REELD1	1.9266783874815e-27	Strong	FALSE	FALSE	FALSE	FALSE		1	RegulatoryStrong	GTEx_strong	REELD1	HighConfidence	GTEx_strong+SMR_support
rs9308199	PROXY	4	147102862	C	T	C	T	0.651	0.658	0.651	0.94563	0.01	2.314e-08	0.996	Brain_Cerebellar_Hemisphere.v10.eQTLs	Cerebellar Hemisphere	REELD1	1.00515897906535e-33	Strong	FALSE	FALSE	FALSE	FALSE		1	RegulatoryStrong	GTEx_strong	REELD1	HighConfidence	GTEx_strong+SMR_support
rs1098184	PROXY	1	43320680	G	A	G	A	0.361940294504166							Brain_Cortex.v10.eQTLs	Cortex	TIE1	2.32818523031743e-07	Moderate	FALSE	FALSE	FALSE	TRUE		1	Colocalized	GTEx_moderate+coloc	TIE1	HighConfidence	GTEx_strong+coloc_STRONG
rs111888775	PROXY	1	43808520	G	A	G	A	0.626	0.629	0.626	1.05117	0.0096	1.842e-07	0.996	Brain_Cortex.v10.eQTLs	Cortex	TIE1	5.97277623150874e-08	Moderate	FALSE	FALSE	FALSE	TRUE		1	Colocalized	GTEx_moderate+coloc	TIE1	HighConfidence	GTEx_strong+coloc_STRONG
rs11587504	PROXY	1	43841744	T	C	T	C	0.626	0.63	0.626	1.05201	0.0096	1.173e-07	0.996	Brain_Cortex.v10.eQTLs	Cortex	TIE1	1.19471988782412e-08	Strong	FALSE	FALSE	FALSE	TRUE		2	MultiEvidence	GTEx_strong+coloc	TIE1	HighConfidence	GTEx_strong+coloc_STRONG
rs1198982	LEAD	1	43782846	G	A	G	A	0.38	0.376	0.38	0.94857	0.0095	3.132e-08	0.996	Brain_Cortex.v10.eQTLs	Cortex	TIE1	1.55329068489752e-08	Strong	FALSE	FALSE	FALSE	TRUE		2	MultiEvidence	GTEx_strong+coloc	TIE1	HighConfidence	GTEx_strong+coloc_STRONG
rs1199038	PROXY	1	43800001	C	T	C	T	0.625	0.629	0.625	1.05159	0.0096	1.814e-07	0.996	Brain_Cortex.v10.eQTLs	Cortex	TIE1	5.97277623150874e-08	Moderate	FALSE	FALSE	FALSE	TRUE		1	Colocalized	GTEx_moderate+coloc	TIE1	HighConfidence	GTEx_strong+coloc_STRONG
rs12076751	PROXY	1	43792807	C	T	C	T	0.625	0.628	0.625	1.05127	0.0096	1.913e-07	0.996	Brain_Cortex.v10.eQTLs	Cortex	TIE1	5.6278738645312e-08	Moderate	FALSE	FALSE	FALSE	TRUE		1	Colocalized	GTEx_moderate+coloc	TIE1	HighConfidence	GTEx_strong+coloc_STRONG
rs1209384	PROXY	1	43765089	A	G	A	G	0.379	0.377	0.379	0.95504	0.0096	1.838e-06	0.995	Brain_Cortex.v10.eQTLs	Cortex	TIE1	4.04345384293307e-09	Strong	FALSE	FALSE	FALSE	TRUE		2	MultiEvidence	GTEx_strong+coloc	TIE1	HighConfidence	GTEx_strong+coloc_STRONG
rs1209702	PROXY	1	43793899	C	A	C	A	0.626	0.629	0.626	1.05148	0.0096	1.721e-07	0.996	Brain_Cortex.v10.eQTLs	Cortex	TIE1	1.19471988782412e-08	Strong	FALSE	FALSE	FALSE	TRUE		2	MultiEvidence	GTEx_strong+coloc	TIE1	HighConfidence	GTEx_strong+coloc_STRONG
rs1467808	PROXY	1	43774292	C	T	C	T	0.375	0.373	0.375	0.95171	0.0096	2.242e-07	0.998	Brain_Cortex.v10.eQTLs	Cortex	TIE1	8.19140234078922e-09	Strong	FALSE	FALSE	FALSE	TRUE		2	MultiEvidence	GTEx_strong+coloc	TIE1	HighConfidence	GTEx_strong+coloc_STRONG
rs1467809	PROXY	1	43774437	G	A	G	A	0.375	0.374	0.375	0.95113	0.0095	1.501e-07	0.998	Brain_Cortex.v10.eQTLs	Cortex	TIE1	1.7697045693258e-07	Moderate	FALSE	FALSE	FALSE	TRUE		1	Colocalized	GTEx_moderate+coloc	TIE1	HighConfidence	GTEx_strong+coloc_STRONG
rs1556580	PROXY	1	43769921	T	C	T	C	0.377	0.376	0.377	0.95437	0.0096	9.942e-07	0.997	Brain_Cortex.v10.eQTLs	Cortex	TIE1	2.95214192009979e-09	Strong	FALSE	FALSE	FALSE	TRUE		2	MultiEvidence	GTEx_strong+coloc	TIE1	HighConfidence	GTEx_strong+coloc_STRONG
rs1556581	PROXY	1	43772190	A	G	A	G	0.375	0.373	0.375	0.95199	0.0096	2.615e-07	0.997	Brain_Cortex.v10.eQTLs	Cortex	TIE1	2.95214192009979e-09	Strong	FALSE	FALSE	FALSE	TRUE		2	MultiEvidence	GTEx_strong+coloc	TIE1	HighConfidence	GTEx_strong+coloc_STRONG
rs2275180	PROXY	1	43773033	A	G	A	G	0.367	0.366	0.367	0.95066	0.0096	1.242e-07	0.996	Brain_Cortex.v10.eQTLs	Cortex	TIE1	5.33427038354826e-10	Strong	FALSE	FALSE	FALSE	TRUE		2	MultiEvidence	GTEx_strong+coloc	TIE1	HighConfidence	GTEx_strong+coloc_STRONG
rs2282226	PROXY	1	43774878	C	T	C	T	0.627	0.628	0.627	1.05127	0.0096	1.907e-07	0.998	Brain_Cortex.v10.eQTLs	Cortex	TIE1	2.32592561480677e-09	Strong	FALSE	FALSE	FALSE	TRUE		2	MultiEvidence	GTEx_strong+coloc	TIE1	HighConfidence	GTEx_strong+coloc_STRONG
rs2991990	PROXY	1	43779869	T	G	T	G	0.376	0.374	0.376	0.94999	0.0096	8.515e-08	0.997	Brain_Cortex.v10.eQTLs	Cortex	TIE1	1.31995430723823e-08	Strong	FALSE	FALSE	FALSE	TRUE		2	MultiEvidence	GTEx_strong+coloc	TIE1	HighConfidence	GTEx_strong+coloc_STRONG
rs3120047	PROXY	1	43764084	G	C	G	C	0.382	0.376	0.382	0.95418	0.0097	1.206e-06	0.995	Brain_Cortex.v10.eQTLs	Cortex	TIE1	2.86712621426074e-09	Strong	FALSE	FALSE	FALSE	TRUE		2	MultiEvidence	GTEx_strong+coloc	TIE1	HighConfidence	GTEx_strong+coloc_STRONG
rs3120122	PROXY	1	43771660	G	A	G	A	0.376	0.374	0.376	0.95256	0.0096	3.725e-07	0.997	Brain_Cortex.v10.eQTLs	Cortex	TIE1	2.43007979657193e-08	Strong	FALSE	FALSE	FALSE	TRUE		2	MultiEvidence	GTEx_strong+coloc	TIE1	HighConfidence	GTEx_strong+coloc_STRONG
rs3120124	PROXY	1	43764165	C	G	C	G	0.382	0.376	0.382	0.9538	0.0097	9.922e-07	0.995	Brain_Cortex.v10.eQTLs	Cortex	TIE1	2.86712621426074e-09	Strong	FALSE	FALSE	TRUE	TRUE		2	MultiEvidence	GTEx_strong+coloc	TIE1	HighConfidence	GTEx_strong+coloc_STRONG
rs3120276	PROXY	1	43779564	T	C	T	C	0.377	0.374	0.377	0.94942	0.0096	6.258e-08	0.997	Brain_Cortex.v10.eQTLs	Cortex	TIE1	1.31995430723823e-08	Strong	FALSE	FALSE	FALSE	TRUE		2	MultiEvidence	GTEx_strong+coloc	TIE1	HighConfidence	GTEx_strong+coloc_STRONG
rs35732878	PROXY	1	43807539	C	T	C	T	0.615	0.629	0.615	1.05517	0.0111	1.197e-06	0.983	Brain_Cortex.v10.eQTLs	Cortex	TIE1	5.97277623150874e-08	Moderate	FALSE	FALSE	FALSE	TRUE		1	Colocalized	GTEx_moderate+coloc	TIE1	HighConfidence	GTEx_strong+coloc_STRONG
rs4141739	PROXY	1	43842629	G	A	G	A	0.626	0.63	0.626	1.05201	0.0096	1.271e-07	0.996	Brain_Cortex.v10.eQTLs	Cortex	TIE1	5.97277623150874e-08	Moderate	FALSE	FALSE	TRUE	TRUE		1	Colocalized	GTEx_moderate+coloc	TIE1	HighConfidence	GTEx_strong+coloc_STRONG
rs4660253	PROXY	1	43761651	C	T	C	T	0.375	0.373	0.375	0.95877	0.0098	1.756e-05	0.994	Brain_Cortex.v10.eQTLs	Cortex	TIE1	9.06533151068321e-08	Moderate	FALSE	FALSE	FALSE	TRUE		1	Colocalized	GTEx_moderate+coloc	TIE1	HighConfidence	GTEx_strong+coloc_STRONG
rs4660729	PROXY	1	43767900	C	G	C	G	0.377	0.376	0.377	0.95428	0.0096	1.036e-06	0.996	Brain_Cortex.v10.eQTLs	Cortex	TIE1	2.81043103042541e-08	Strong	FALSE	FALSE	FALSE	TRUE		2	MultiEvidence	GTEx_strong+coloc	TIE1	HighConfidence	GTEx_strong+coloc_STRONG
rs66559745	PROXY	1	43844168	G	A	G	A	0.627	0.632	0.627	1.0518	0.0096	1.402e-07	0.996	Brain_Cortex.v10.eQTLs	Cortex	TIE1	2.85954698200147e-08	Strong	FALSE	FALSE	FALSE	TRUE		2	MultiEvidence	GTEx_strong+coloc	TIE1	HighConfidence	GTEx_strong+coloc_STRONG
rs6690243	PROXY	1	43767268	T	C	T	C	0.374	0.373	0.374	0.95495	0.0096	1.523e-06	0.996	Brain_Cortex.v10.eQTLs	Cortex	TIE1	1.01157774250176e-08	Strong	FALSE	FALSE	FALSE	TRUE		2	MultiEvidence	GTEx_strong+coloc	TIE1	HighConfidence	GTEx_strong+coloc_STRONG
rs685756	PROXY	1	43842171	A	G	A	G	0.615	0.629	0.615	1.05559	0.0111	1.007e-06	0.986	Brain_Cortex.v10.eQTLs	Cortex	TIE1	5.97277623150874e-08	Moderate	FALSE	FALSE	FALSE	TRUE		1	Colocalized	GTEx_moderate+coloc	TIE1	HighConfidence	GTEx_strong+coloc_STRONG
rs710252	PROXY	1	43803222	G	A	G	A	0.625	0.628	0.625	1.05054	0.0096	2.896e-07	0.995	Brain_Cortex.v10.eQTLs	Cortex	TIE1	5.97277623150874e-08	Moderate	FALSE	FALSE	FALSE	TRUE		1	Colocalized	GTEx_moderate+coloc	TIE1	HighConfidence	GTEx_strong+coloc_STRONG
rs7520981	PROXY	1	43760070	T	C	T	C	0.625	0.628	0.625	1.04362	0.0098	1.407e-05	0.992	Brain_Cortex.v10.eQTLs	Cortex	TIE1	5.29021900695601e-07	Moderate	FALSE	FALSE	FALSE	TRUE		1	Colocalized	GTEx_moderate+coloc	TIE1	HighConfidence	GTEx_strong+coloc_STRONG
rs7549876	PROXY	1	43760236	G	T	G	T	0.631	0.633	0.631	1.04519	0.0098	7.101e-06	0.994	Brain_Cortex.v10.eQTLs	Cortex	TIE1	2.17396682818394e-07	Moderate	FALSE	FALSE	TRUE	TRUE		1	Colocalized	GTEx_moderate+coloc	TIE1	HighConfidence	GTEx_strong+coloc_STRONG
rs839764	PROXY	1	43833374	T	A	T	A	0.626	0.629	0.626	1.0518	0.0096	1.601e-07	0.996	Brain_Cortex.v10.eQTLs	Cortex	TIE1	5.97277623150874e-08	Moderate	FALSE	FALSE	FALSE	TRUE		1	Colocalized	GTEx_moderate+coloc	TIE1	HighConfidence	GTEx_strong+coloc_STRONG
rs839995	PROXY	1	43814864	T	C	T	C	0.625	0.629	0.625	1.05117	0.0096	1.875e-07	0.996	Brain_Cortex.v10.eQTLs	Cortex	TIE1	5.97277623150874e-08	Moderate	FALSE	FALSE	FALSE	TRUE		1	Colocalized	GTEx_moderate+coloc	TIE1	HighConfidence	GTEx_strong+coloc_STRONG
rs839996	PROXY	1	43816532	T	C	T	C	0.626	0.629	0.626	1.05222	0.0096	1.106e-07	0.996	Brain_Cortex.v10.eQTLs	Cortex	TIE1	5.97277623150874e-08	Moderate	FALSE	FALSE	FALSE	TRUE		1	Colocalized	GTEx_moderate+coloc	TIE1	HighConfidence	GTEx_strong+coloc_STRONG
rs866332	PROXY	1	43788858	C	T	C	T	0.625	0.628	0.625	1.05159	0.0096	1.483e-07	0.996	Brain_Cortex.v10.eQTLs	Cortex	TIE1	5.97277623150874e-08	Moderate	FALSE	FALSE	TRUE	TRUE		1	Colocalized	GTEx_moderate+coloc	TIE1	HighConfidence	GTEx_strong+coloc_STRONG
rs17422060	PROXY	5	87858930	T	G	T	G	0.613	0.592	0.613	0.93333	0.0095	4.002e-13	0.995	Brain_Caudate_basal_ganglia.v10.eQTLs	Caudate	TMEM161B-DT	5.54270032323515e-07	Moderate	FALSE	FALSE	FALSE	TRUE		1	Colocalized	GTEx_moderate+coloc	TMEM161B-DT	Suggestive	coloc_MID+GTEx_moderate
rs226488	PROXY	5	88600512	C	T	C	T	0.354477614164352							Brain_Cortex.v10.eQTLs	Cortex	TMEM161B-DT	5.21746588197857e-07	Moderate	FALSE	FALSE	FALSE	FALSE		0	RegulatoryModerate	GTEx_moderate	TMEM161B-DT	Suggestive	coloc_MID+GTEx_moderate
rs324886	PROXY	5	87896602	C	T	C	T	0.611	0.591	0.611	0.93295	0.0094	1.782e-13	0.998	Brain_Cortex.v10.eQTLs	Cortex	TMEM161B-DT	5.21746588197857e-07	Moderate	FALSE	FALSE	FALSE	TRUE		1	Colocalized	GTEx_moderate+coloc	TMEM161B-DT	Suggestive	coloc_MID+GTEx_moderate
rs4916723	LEAD	5	87854395	A	C	A	C	0.573	0.553	0.573	0.91824	0.011	9.477e-15	0.957	Brain_Caudate_basal_ganglia.v10.eQTLs	Caudate	TMEM161B-DT	1.29248331868103e-07	Moderate	TRUE	TRUE	TRUE	TRUE		2	MultiEvidence	GTEx_moderate+coloc+SMR_support	TMEM161B-DT	Suggestive	coloc_MID+GTEx_moderate
rs56022653	PROXY	5	87883838	G	C	G	C	0.611	0.591	0.611	0.93239	0.0095	1.376e-13	0.998	Brain_Cortex.v10.eQTLs	Cortex	TMEM161B-DT	5.21746588197857e-07	Moderate	FALSE	FALSE	FALSE	TRUE		1	Colocalized	GTEx_moderate+coloc	TMEM161B-DT	Suggestive	coloc_MID+GTEx_moderate
rs62369151	PROXY	5	87883503	T	C	T	C	0.611	0.591	0.611	0.93239	0.0095	1.379e-13	0.998	Brain_Cortex.v10.eQTLs	Cortex	TMEM161B-DT	5.21746588197857e-07	Moderate	FALSE	FALSE	FALSE	TRUE		1	Colocalized	GTEx_moderate+coloc	TMEM161B-DT	Suggestive	coloc_MID+GTEx_moderate
rs10108836	PROXY	8	145836227	A	C	A	C	0.536	0.52	0.536	0.94904	0.0098	1.104e-07	0.978	Brain_Cerebellum.v10.eQTLs	Cerebellum	ZNF251	1.80223021484105e-08	Strong	FALSE	FALSE	TRUE	FALSE		1	RegulatoryStrong	GTEx_strong	ZNF251	ModerateConfidence	GTEx_strong
