SNP	CHR	BP	A1	A2	EA	NEA	EAF	Tissue	Tissue_Abbrev	GTEx_Evidence_Level	Coloc_Evidence_Level	SMR_Top_SNP_Pass	SMR_support	strong_score_snp	SNP_Evidence_Level	SNP_Evidence_Reason	Gene	Gene_Evidence_Level	Gene_Evidence_Reason	FRQ_A_gwas	FRQ_U_gwas	OR_gwas	P_GWAS
rs11210871	1	44029353	C	G	C	G	0.322	Brain_Cerebellar_Hemisphere.v10.eQTLs	Cerebellar Hemisphere	Moderate		TRUE	TRUE	2	MultiEvidence	GTEx_moderate+coloc+SMR_support	ARTN	HighConfidence	GTEx_strong+coloc_STRONG	0.315	0.322	1.07929	6.017e-14
rs11210887	1	44076019	G	A	G	A	0.326	Brain_Cerebellar_Hemisphere.v10.eQTLs	Cerebellar Hemisphere	Strong		FALSE	FALSE	2	MultiEvidence	GTEx_strong+coloc	ARTN	HighConfidence	GTEx_strong+coloc_STRONG	0.321	0.326	1.08188	9.195e-15
rs11210892	1	44100084	G	A	G	A	0.352	Brain_Cerebellar_Hemisphere.v10.eQTLs	Cerebellar Hemisphere	Strong		FALSE	FALSE	2	MultiEvidence	GTEx_strong+coloc	ARTN	HighConfidence	GTEx_strong+coloc_STRONG	0.346	0.352	1.07358	7.891e-13
rs1143702	1	44086831	C	T	C	T	0.348	Brain_Cerebellar_Hemisphere.v10.eQTLs	Cerebellar Hemisphere	Strong		FALSE	FALSE	2	MultiEvidence	GTEx_strong+coloc	ARTN	HighConfidence	GTEx_strong+coloc_STRONG	0.344	0.348	1.07262	1.637e-12
rs2367724	1	44107428	C	T	C	T	0.35	Brain_Cerebellar_Hemisphere.v10.eQTLs	Cerebellar Hemisphere	Strong		FALSE	FALSE	2	MultiEvidence	GTEx_strong+coloc	ARTN	HighConfidence	GTEx_strong+coloc_STRONG	0.346	0.35	1.07466	3.763e-13
rs2970610	1	44097530	T	C	T	C	0.352	Brain_Cerebellar_Hemisphere.v10.eQTLs	Cerebellar Hemisphere	Strong		FALSE	FALSE	2	MultiEvidence	GTEx_strong+coloc	ARTN	HighConfidence	GTEx_strong+coloc_STRONG	0.346	0.352	1.0739	5.663e-13
rs3001723	1	44037685	G	A	G	A	0.682	Brain_Cerebellar_Hemisphere.v10.eQTLs	Cerebellar Hemisphere	Strong		FALSE	FALSE	2	MultiEvidence	GTEx_strong+coloc	ARTN	HighConfidence	GTEx_strong+coloc_STRONG	0.683	0.682	0.92422	9.899e-15
rs499257	1	44078384	T	C	T	C	0.353	Brain_Cerebellar_Hemisphere.v10.eQTLs	Cerebellar Hemisphere	Strong		FALSE	FALSE	2	MultiEvidence	GTEx_strong+coloc	ARTN	HighConfidence	GTEx_strong+coloc_STRONG	0.346	0.353	1.07519	2.913e-13
rs549845	1	44076469	G	A	G	A	0.326	Brain_Cerebellar_Hemisphere.v10.eQTLs	Cerebellar Hemisphere	Strong		FALSE	FALSE	2	MultiEvidence	GTEx_strong+coloc	ARTN	HighConfidence	GTEx_strong+coloc_STRONG	0.321	0.326	1.08199	9.033e-15
rs603542	1	44079411	T	C	T	C	0.352	Brain_Cerebellar_Hemisphere.v10.eQTLs	Cerebellar Hemisphere	Strong		FALSE	FALSE	2	MultiEvidence	GTEx_strong+coloc	ARTN	HighConfidence	GTEx_strong+coloc_STRONG	0.346	0.352	1.07476	3.842e-13
rs653953	1	44083015	G	A	G	A	0.347	Brain_Cerebellar_Hemisphere.v10.eQTLs	Cerebellar Hemisphere	Strong		FALSE	FALSE	2	MultiEvidence	GTEx_strong+coloc	ARTN	HighConfidence	GTEx_strong+coloc_STRONG	0.344	0.347	1.07262	1.368e-12
rs11172	1	43850473	A	G	A	G	0.623	Brain_Caudate_basal_ganglia.v10.eQTLs	Caudate	Strong		FALSE	FALSE	2	MultiEvidence	GTEx_strong+coloc	MED8	HighConfidence	GTEx_strong+coloc_STRONG	0.627	0.623	1.05148	1.595e-07
rs11210839	1	43845658	A	G	A	G	0.626	Brain_Caudate_basal_ganglia.v10.eQTLs	Caudate	Strong		FALSE	FALSE	2	MultiEvidence	GTEx_strong+coloc	MED8	HighConfidence	GTEx_strong+coloc_STRONG	0.629	0.626	1.05211	1.183e-07
rs1199036	1	43811405	G	A	G	A	0.625	Brain_Caudate_basal_ganglia.v10.eQTLs	Caudate	Strong		FALSE	FALSE	2	MultiEvidence	GTEx_strong+coloc	MED8	HighConfidence	GTEx_strong+coloc_STRONG	0.629	0.625	1.0519	1.484e-07
rs12058355	1	43801186	A	G	A	G	0.624	Brain_Caudate_basal_ganglia.v10.eQTLs	Caudate	Strong		FALSE	FALSE	2	MultiEvidence	GTEx_strong+coloc	MED8	HighConfidence	GTEx_strong+coloc_STRONG	0.627	0.624	1.05064	2.602e-07
rs1749959	1	43807075	C	T	C	T	0.626	Brain_Caudate_basal_ganglia.v10.eQTLs	Caudate	Strong		FALSE	FALSE	2	MultiEvidence	GTEx_strong+coloc	MED8	HighConfidence	GTEx_strong+coloc_STRONG	0.629	0.626	1.05159	1.676e-07
rs1760669	1	43821856	C	T	C	T	0.625	Brain_Caudate_basal_ganglia.v10.eQTLs	Caudate	Strong		FALSE	FALSE	2	MultiEvidence	GTEx_strong+coloc	MED8	HighConfidence	GTEx_strong+coloc_STRONG	0.629	0.625	1.05159	1.79e-07
rs1760670	1	43812075	G	A	G	A	0.625	Brain_Caudate_basal_ganglia.v10.eQTLs	Caudate	Strong		FALSE	FALSE	2	MultiEvidence	GTEx_strong+coloc	MED8	HighConfidence	GTEx_strong+coloc_STRONG	0.629	0.625	1.05169	1.661e-07
rs4141740	1	43842827	T	A	T	A	0.625	Brain_Caudate_basal_ganglia.v10.eQTLs	Caudate	Strong		FALSE	FALSE	2	MultiEvidence	GTEx_strong+coloc	MED8	HighConfidence	GTEx_strong+coloc_STRONG	0.63	0.625	1.05127	1.76e-07
rs4141741	1	43843000	C	T	C	T	0.626	Brain_Caudate_basal_ganglia.v10.eQTLs	Caudate	Strong		FALSE	FALSE	2	MultiEvidence	GTEx_strong+coloc	MED8	HighConfidence	GTEx_strong+coloc_STRONG	0.631	0.626	1.05127	1.778e-07
rs652941	1	43836928	T	C	T	C	0.625	Brain_Caudate_basal_ganglia.v10.eQTLs	Caudate	Strong		FALSE	FALSE	2	MultiEvidence	GTEx_strong+coloc	MED8	HighConfidence	GTEx_strong+coloc_STRONG	0.629	0.625	1.05211	1.311e-07
rs72669002	1	43821071	T	C	T	C	0.625	Brain_Caudate_basal_ganglia.v10.eQTLs	Caudate	Strong		FALSE	FALSE	2	MultiEvidence	GTEx_strong+coloc	MED8	HighConfidence	GTEx_strong+coloc_STRONG	0.629	0.625	1.05159	1.685e-07
rs839752	1	43855546	A	G	A	G	0.625	Brain_Caudate_basal_ganglia.v10.eQTLs	Caudate	Strong		FALSE	FALSE	2	MultiEvidence	GTEx_strong+coloc	MED8	HighConfidence	GTEx_strong+coloc_STRONG	0.628	0.625	1.0519	1.443e-07
rs839754	1	43855910	C	T	C	T	0.625	Brain_Caudate_basal_ganglia.v10.eQTLs	Caudate	Strong		FALSE	FALSE	2	MultiEvidence	GTEx_strong+coloc	MED8	HighConfidence	GTEx_strong+coloc_STRONG	0.628	0.625	1.0519	1.414e-07
rs839755	1	43856410	A	C	A	C	0.624	Brain_Caudate_basal_ganglia.v10.eQTLs	Caudate	Strong		FALSE	FALSE	2	MultiEvidence	GTEx_strong+coloc	MED8	HighConfidence	GTEx_strong+coloc_STRONG	0.628	0.624	1.0518	1.518e-07
rs839763	1	43825644	T	C	T	C	0.625	Brain_Caudate_basal_ganglia.v10.eQTLs	Caudate	Strong		FALSE	FALSE	2	MultiEvidence	GTEx_strong+coloc	MED8	HighConfidence	GTEx_strong+coloc_STRONG	0.629	0.625	1.05127	1.796e-07
rs839765	1	43369327	G	A	G	A	0.364093959331512	Brain_Caudate_basal_ganglia.v10.eQTLs	Caudate	Strong		FALSE	FALSE	2	MultiEvidence	GTEx_strong+coloc	MED8	HighConfidence	GTEx_strong+coloc_STRONG				
rs839766	1	43837850	A	G	A	G	0.625	Brain_Caudate_basal_ganglia.v10.eQTLs	Caudate	Strong		FALSE	FALSE	2	MultiEvidence	GTEx_strong+coloc	MED8	HighConfidence	GTEx_strong+coloc_STRONG	0.629	0.625	1.05211	1.323e-07
rs839993	1	43803120	C	A	C	A	0.626	Brain_Caudate_basal_ganglia.v10.eQTLs	Caudate	Strong		FALSE	FALSE	2	MultiEvidence	GTEx_strong+coloc	MED8	HighConfidence	GTEx_strong+coloc_STRONG	0.628	0.626	1.05075	2.352e-07
rs11749060	5	88152574	C	A	C	A	0.52	Brain_Cerebellar_Hemisphere.v10.eQTLs	Cerebellar Hemisphere	Strong		FALSE	FALSE	2	MultiEvidence	GTEx_strong+coloc	MEF2C-AS2	ModerateConfidence	GTEx_strong	0.516	0.52	0.94497	1.139e-09
rs12054920	5	88161417	T	C	T	C	0.472	Brain_Cerebellar_Hemisphere.v10.eQTLs	Cerebellar Hemisphere	Strong		FALSE	FALSE	2	MultiEvidence	GTEx_strong+coloc	MEF2C-AS2	ModerateConfidence	GTEx_strong	0.465	0.472	0.94271	2.049e-10
rs1671539	5	88168395	C	G	C	G	0.52	Brain_Cerebellar_Hemisphere.v10.eQTLs	Cerebellar Hemisphere	Strong		FALSE	FALSE	2	MultiEvidence	GTEx_strong+coloc	MEF2C-AS2	ModerateConfidence	GTEx_strong	0.536	0.52	1.06577	2.278e-09
rs17487515	5	88149291	A	G	A	G	0.52	Brain_Cerebellar_Hemisphere.v10.eQTLs	Cerebellar Hemisphere	Strong		FALSE	FALSE	2	MultiEvidence	GTEx_strong+coloc	MEF2C-AS2	ModerateConfidence	GTEx_strong	0.516	0.52	0.94488	1.074e-09
rs17559709	5	88149326	G	A	G	A	0.52	Brain_Cerebellar_Hemisphere.v10.eQTLs	Cerebellar Hemisphere	Strong		FALSE	FALSE	2	MultiEvidence	GTEx_strong+coloc	MEF2C-AS2	ModerateConfidence	GTEx_strong	0.516	0.52	0.94488	1.073e-09
rs188581	5	88175251	C	G	C	G	0.488	Brain_Cerebellar_Hemisphere.v10.eQTLs	Cerebellar Hemisphere	Strong		FALSE	FALSE	2	MultiEvidence	GTEx_strong+coloc	MEF2C-AS2	ModerateConfidence	GTEx_strong	0.494	0.488	1.06046	2.884e-10
rs188582	5	88167740	G	C	G	C	0.528	Brain_Cerebellar_Hemisphere.v10.eQTLs	Cerebellar Hemisphere	Strong		FALSE	FALSE	2	MultiEvidence	GTEx_strong+coloc	MEF2C-AS2	ModerateConfidence	GTEx_strong	0.535	0.528	1.06131	1.624e-10
rs216057	5	88170331	T	C	T	C	0.528	Brain_Cerebellar_Hemisphere.v10.eQTLs	Cerebellar Hemisphere	Strong		FALSE	FALSE	2	MultiEvidence	GTEx_strong+coloc	MEF2C-AS2	ModerateConfidence	GTEx_strong	0.535	0.528	1.06131	1.783e-10
rs2362108	5	88147771	G	A	G	A	0.52	Brain_Cerebellar_Hemisphere.v10.eQTLs	Cerebellar Hemisphere	Strong		FALSE	FALSE	2	MultiEvidence	GTEx_strong+coloc	MEF2C-AS2	ModerateConfidence	GTEx_strong	0.516	0.52	0.94478	9.847e-10
rs2362109	5	88148041	C	T	C	T	0.52	Brain_Cerebellar_Hemisphere.v10.eQTLs	Cerebellar Hemisphere	Strong		FALSE	FALSE	2	MultiEvidence	GTEx_strong+coloc	MEF2C-AS2	ModerateConfidence	GTEx_strong	0.516	0.52	0.94488	1.037e-09
rs304136	5	88170066	T	C	T	C	0.527	Brain_Cerebellar_Hemisphere.v10.eQTLs	Cerebellar Hemisphere	Strong		FALSE	FALSE	2	MultiEvidence	GTEx_strong+coloc	MEF2C-AS2	ModerateConfidence	GTEx_strong	0.534	0.527	1.06099	2.156e-10
rs304137	5	88169652	A	G	A	G	0.528	Brain_Cerebellar_Hemisphere.v10.eQTLs	Cerebellar Hemisphere	Strong		FALSE	FALSE	2	MultiEvidence	GTEx_strong+coloc	MEF2C-AS2	ModerateConfidence	GTEx_strong	0.535	0.528	1.06131	1.855e-10
rs4145738	5	88150289	G	A	G	A	0.52	Brain_Cerebellar_Hemisphere.v10.eQTLs	Cerebellar Hemisphere	Strong		FALSE	FALSE	2	MultiEvidence	GTEx_strong+coloc	MEF2C-AS2	ModerateConfidence	GTEx_strong	0.516	0.52	0.94497	1.155e-09
rs4373304	5	88152202	T	C	T	C	0.52	Brain_Cerebellar_Hemisphere.v10.eQTLs	Cerebellar Hemisphere	Strong		FALSE	FALSE	2	MultiEvidence	GTEx_strong+coloc	MEF2C-AS2	ModerateConfidence	GTEx_strong	0.516	0.52	0.94497	1.091e-09
rs4518438	5	88157552	T	C	T	C	0.479	Brain_Cerebellar_Hemisphere.v10.eQTLs	Cerebellar Hemisphere	Strong		FALSE	FALSE	2	MultiEvidence	GTEx_strong+coloc	MEF2C-AS2	ModerateConfidence	GTEx_strong	0.474	0.479	0.94497	1.158e-09
rs55740951	5	88153874	C	T	C	T	0.519	Brain_Cerebellar_Hemisphere.v10.eQTLs	Cerebellar Hemisphere	Strong		FALSE	FALSE	2	MultiEvidence	GTEx_strong+coloc	MEF2C-AS2	ModerateConfidence	GTEx_strong	0.516	0.519	0.94497	1.179e-09
rs57055575	5	88150992	T	A	T	A	0.52	Brain_Cerebellar_Hemisphere.v10.eQTLs	Cerebellar Hemisphere	Strong		FALSE	FALSE	2	MultiEvidence	GTEx_strong+coloc	MEF2C-AS2	ModerateConfidence	GTEx_strong	0.516	0.52	0.94497	1.133e-09
rs61104616	5	88163771	G	A	G	A	0.472	Brain_Cerebellar_Hemisphere.v10.eQTLs	Cerebellar Hemisphere	Strong		FALSE	FALSE	2	MultiEvidence	GTEx_strong+coloc	MEF2C-AS2	ModerateConfidence	GTEx_strong	0.465	0.472	0.94242	1.788e-10
rs7730255	5	88158146	G	C	G	C	0.521	Brain_Cerebellar_Hemisphere.v10.eQTLs	Cerebellar Hemisphere	Strong		FALSE	FALSE	2	MultiEvidence	GTEx_strong+coloc	MEF2C-AS2	ModerateConfidence	GTEx_strong	0.516	0.521	0.94535	1.488e-09
rs797419	5	88168955	C	A	C	A	0.528	Brain_Cerebellar_Hemisphere.v10.eQTLs	Cerebellar Hemisphere	Strong		FALSE	FALSE	2	MultiEvidence	GTEx_strong+coloc	MEF2C-AS2	ModerateConfidence	GTEx_strong	0.535	0.528	1.06131	1.627e-10
rs11130222	3	49901060	A	T	A	T	0.582	Brain_Cortex.v10.eQTLs	Cortex	Strong		FALSE	FALSE	2	MultiEvidence	GTEx_strong+coloc	RBM6	ModerateConfidence	GTEx_strong	0.566	0.582	0.95801	5.218e-06
rs11709573	3	49956628	C	T	C	T	0.575	Brain_Cortex.v10.eQTLs	Cortex	Strong		FALSE	FALSE	2	MultiEvidence	GTEx_strong+coloc	RBM6	ModerateConfidence	GTEx_strong	0.56	0.575	0.96165	2.87e-05
rs2352984	3	49948728	T	C	T	C	0.575	Brain_Cortex.v10.eQTLs	Cortex	Strong		FALSE	FALSE	2	MultiEvidence	GTEx_strong+coloc	RBM6	ModerateConfidence	GTEx_strong	0.56	0.575	0.96165	2.919e-05
rs2883059	3	49902160	T	C	T	C	0.581	Brain_Cortex.v10.eQTLs	Cortex	Strong		FALSE	FALSE	2	MultiEvidence	GTEx_strong+coloc	RBM6	ModerateConfidence	GTEx_strong	0.565	0.581	0.95762	4.349e-06
rs34034116	3	49959156	C	A	C	A	0.575	Brain_Cortex.v10.eQTLs	Cortex	Strong		FALSE	FALSE	2	MultiEvidence	GTEx_strong+coloc	RBM6	ModerateConfidence	GTEx_strong	0.561	0.575	0.96127	2.432e-05
rs34654589	3	49911449	C	G	C	G	0.582	Brain_Cortex.v10.eQTLs	Cortex	Strong		FALSE	FALSE	2	MultiEvidence	GTEx_strong+coloc	RBM6	ModerateConfidence	GTEx_strong	0.566	0.582	0.95829	5.884e-06
rs35275715	3	49959148	A	G	A	G	0.575	Brain_Cortex.v10.eQTLs	Cortex	Strong		FALSE	FALSE	2	MultiEvidence	GTEx_strong+coloc	RBM6	ModerateConfidence	GTEx_strong	0.561	0.575	0.96127	2.297e-05
rs3733134	3	49939503	C	T	C	T	0.575	Brain_Cortex.v10.eQTLs	Cortex	Strong		FALSE	FALSE	2	MultiEvidence	GTEx_strong+coloc	RBM6	ModerateConfidence	GTEx_strong	0.56	0.575	0.96214	3.609e-05
rs3774759	3	49939120	G	T	G	T	0.575	Brain_Cortex.v10.eQTLs	Cortex	Strong		FALSE	FALSE	2	MultiEvidence	GTEx_strong+coloc	RBM6	ModerateConfidence	GTEx_strong	0.56	0.575	0.96223	3.783e-05
rs3796386	3	49899795	G	A	G	A	0.582	Brain_Cortex.v10.eQTLs	Cortex	Strong		FALSE	FALSE	2	MultiEvidence	GTEx_strong+coloc	RBM6	ModerateConfidence	GTEx_strong	0.566	0.582	0.95782	4.75e-06
rs55692411	3	49911155	G	A	G	A	0.581	Brain_Cortex.v10.eQTLs	Cortex	Strong		FALSE	FALSE	2	MultiEvidence	GTEx_strong+coloc	RBM6	ModerateConfidence	GTEx_strong	0.565	0.581	0.9582	5.408e-06
rs6774354	3	49961780	G	A	G	A	0.575	Brain_Cortex.v10.eQTLs	Cortex	Strong		FALSE	FALSE	2	MultiEvidence	GTEx_strong+coloc	RBM6	ModerateConfidence	GTEx_strong	0.56	0.575	0.96156	2.82e-05
rs7613360	3	49916710	C	T	C	T	0.614	Brain_Cortex.v10.eQTLs	Cortex	Strong		FALSE	FALSE	2	MultiEvidence	GTEx_strong+coloc	RBM6	ModerateConfidence	GTEx_strong	0.598	0.614	0.948	3.175e-08
rs7615206	3	49937505	T	C	T	C	0.575	Brain_Cortex.v10.eQTLs	Cortex	Strong		FALSE	FALSE	2	MultiEvidence	GTEx_strong+coloc	RBM6	ModerateConfidence	GTEx_strong	0.56	0.575	0.96223	3.858e-05
rs7627864	3	49926613	C	G	C	G	0.575	Brain_Cortex.v10.eQTLs	Cortex	Strong		FALSE	FALSE	2	MultiEvidence	GTEx_strong+coloc	RBM6	ModerateConfidence	GTEx_strong	0.561	0.575	0.96204	3.69e-05
rs868891	3	49949071	A	G	A	G	0.575	Brain_Cortex.v10.eQTLs	Cortex	Strong		FALSE	FALSE	2	MultiEvidence	GTEx_strong+coloc	RBM6	ModerateConfidence	GTEx_strong	0.56	0.575	0.96175	2.924e-05
rs952594	3	49908023	G	A	G	A	0.581	Brain_Cortex.v10.eQTLs	Cortex	Strong		FALSE	FALSE	2	MultiEvidence	GTEx_strong+coloc	RBM6	ModerateConfidence	GTEx_strong	0.565	0.581	0.9582	5.254e-06
rs12719778	8	145879883	T	C	T	C	0.53	Brain_Frontal_Cortex_BA9.v10.eQTLs	Frontal Cortex (BA9)	Strong		TRUE	TRUE	2	MultiEvidence	GTEx_strong+SMR_support	RECQL4	ModerateConfidence	GTEx_strong	0.525	0.53	0.95037	1.482e-07
rs4925811	8	145802447	T	G	T	G	0.531	Brain_Cerebellum.v10.eQTLs	Cerebellum	Strong		TRUE	TRUE	2	MultiEvidence	GTEx_strong+SMR_support	RECQL4	ModerateConfidence	GTEx_strong	0.515	0.531	0.94365	8.303e-09
rs3756081	4	147111241	C	G	C	G	0.654	Brain_Cerebellar_Hemisphere.v10.eQTLs	Cerebellar Hemisphere	Strong		TRUE	TRUE	2	MultiEvidence	GTEx_strong+SMR_support	REELD1	HighConfidence	GTEx_strong+SMR_support	0.663	0.654	0.94677	4.881e-08
rs6537401	4	147099654	G	A	G	A	0.655	Brain_Cerebellar_Hemisphere.v10.eQTLs	Cerebellar Hemisphere	Strong		TRUE	TRUE	2	MultiEvidence	GTEx_strong+SMR_support	REELD1	HighConfidence	GTEx_strong+SMR_support	0.66	0.655	0.94478	1.395e-08
rs6820462	4	147097424	T	C	T	C	0.653	Brain_Cerebellar_Hemisphere.v10.eQTLs	Cerebellar Hemisphere	Strong		TRUE	TRUE	2	MultiEvidence	GTEx_strong+SMR_support	REELD1	HighConfidence	GTEx_strong+SMR_support	0.659	0.653	0.94535	1.972e-08
rs11587504	1	43841744	T	C	T	C	0.626	Brain_Cortex.v10.eQTLs	Cortex	Strong		FALSE	FALSE	2	MultiEvidence	GTEx_strong+coloc	TIE1	HighConfidence	GTEx_strong+coloc_STRONG	0.63	0.626	1.05201	1.173e-07
rs1198982	1	43782846	G	A	G	A	0.38	Brain_Cortex.v10.eQTLs	Cortex	Strong		FALSE	FALSE	2	MultiEvidence	GTEx_strong+coloc	TIE1	HighConfidence	GTEx_strong+coloc_STRONG	0.376	0.38	0.94857	3.132e-08
rs1209384	1	43765089	A	G	A	G	0.379	Brain_Cortex.v10.eQTLs	Cortex	Strong		FALSE	FALSE	2	MultiEvidence	GTEx_strong+coloc	TIE1	HighConfidence	GTEx_strong+coloc_STRONG	0.377	0.379	0.95504	1.838e-06
rs1209702	1	43793899	C	A	C	A	0.626	Brain_Cortex.v10.eQTLs	Cortex	Strong		FALSE	FALSE	2	MultiEvidence	GTEx_strong+coloc	TIE1	HighConfidence	GTEx_strong+coloc_STRONG	0.629	0.626	1.05148	1.721e-07
rs1467808	1	43774292	C	T	C	T	0.375	Brain_Cortex.v10.eQTLs	Cortex	Strong		FALSE	FALSE	2	MultiEvidence	GTEx_strong+coloc	TIE1	HighConfidence	GTEx_strong+coloc_STRONG	0.373	0.375	0.95171	2.242e-07
rs1556580	1	43769921	T	C	T	C	0.377	Brain_Cortex.v10.eQTLs	Cortex	Strong		FALSE	FALSE	2	MultiEvidence	GTEx_strong+coloc	TIE1	HighConfidence	GTEx_strong+coloc_STRONG	0.376	0.377	0.95437	9.942e-07
rs1556581	1	43772190	A	G	A	G	0.375	Brain_Cortex.v10.eQTLs	Cortex	Strong		FALSE	FALSE	2	MultiEvidence	GTEx_strong+coloc	TIE1	HighConfidence	GTEx_strong+coloc_STRONG	0.373	0.375	0.95199	2.615e-07
rs2275180	1	43773033	A	G	A	G	0.367	Brain_Cortex.v10.eQTLs	Cortex	Strong		FALSE	FALSE	2	MultiEvidence	GTEx_strong+coloc	TIE1	HighConfidence	GTEx_strong+coloc_STRONG	0.366	0.367	0.95066	1.242e-07
rs2282226	1	43774878	C	T	C	T	0.627	Brain_Cortex.v10.eQTLs	Cortex	Strong		FALSE	FALSE	2	MultiEvidence	GTEx_strong+coloc	TIE1	HighConfidence	GTEx_strong+coloc_STRONG	0.628	0.627	1.05127	1.907e-07
rs2991990	1	43779869	T	G	T	G	0.376	Brain_Cortex.v10.eQTLs	Cortex	Strong		FALSE	FALSE	2	MultiEvidence	GTEx_strong+coloc	TIE1	HighConfidence	GTEx_strong+coloc_STRONG	0.374	0.376	0.94999	8.515e-08
rs3120047	1	43764084	G	C	G	C	0.382	Brain_Cortex.v10.eQTLs	Cortex	Strong		FALSE	FALSE	2	MultiEvidence	GTEx_strong+coloc	TIE1	HighConfidence	GTEx_strong+coloc_STRONG	0.376	0.382	0.95418	1.206e-06
rs3120122	1	43771660	G	A	G	A	0.376	Brain_Cortex.v10.eQTLs	Cortex	Strong		FALSE	FALSE	2	MultiEvidence	GTEx_strong+coloc	TIE1	HighConfidence	GTEx_strong+coloc_STRONG	0.374	0.376	0.95256	3.725e-07
rs3120124	1	43764165	C	G	C	G	0.382	Brain_Cortex.v10.eQTLs	Cortex	Strong		FALSE	FALSE	2	MultiEvidence	GTEx_strong+coloc	TIE1	HighConfidence	GTEx_strong+coloc_STRONG	0.376	0.382	0.9538	9.922e-07
rs3120276	1	43779564	T	C	T	C	0.377	Brain_Cortex.v10.eQTLs	Cortex	Strong		FALSE	FALSE	2	MultiEvidence	GTEx_strong+coloc	TIE1	HighConfidence	GTEx_strong+coloc_STRONG	0.374	0.377	0.94942	6.258e-08
rs4660729	1	43767900	C	G	C	G	0.377	Brain_Cortex.v10.eQTLs	Cortex	Strong		FALSE	FALSE	2	MultiEvidence	GTEx_strong+coloc	TIE1	HighConfidence	GTEx_strong+coloc_STRONG	0.376	0.377	0.95428	1.036e-06
rs66559745	1	43844168	G	A	G	A	0.627	Brain_Cortex.v10.eQTLs	Cortex	Strong		FALSE	FALSE	2	MultiEvidence	GTEx_strong+coloc	TIE1	HighConfidence	GTEx_strong+coloc_STRONG	0.632	0.627	1.0518	1.402e-07
rs6690243	1	43767268	T	C	T	C	0.374	Brain_Cortex.v10.eQTLs	Cortex	Strong		FALSE	FALSE	2	MultiEvidence	GTEx_strong+coloc	TIE1	HighConfidence	GTEx_strong+coloc_STRONG	0.373	0.374	0.95495	1.523e-06
rs4916723	5	87854395	A	C	A	C	0.573	Brain_Caudate_basal_ganglia.v10.eQTLs	Caudate	Moderate		TRUE	TRUE	2	MultiEvidence	GTEx_moderate+coloc+SMR_support	TMEM161B-DT	Suggestive	coloc_MID+GTEx_moderate	0.553	0.573	0.91824	9.477e-15
